BUKRS	BELNR	GJAHR	BLDAT	BUDAT	USNAM	TCODE	AWKEY
1000	100000000	2019	2019-05-17	2019-05-17	User_001	VF02	0090000004
1000	100000001	2019	2019-05-17	2019-05-17	User_001	VF01	0090000005
1000	100000002	2019	2019-11-01	2019-11-01	User_002	FB50	010000000210002019
1000	100000003	2019	2019-11-05	2019-11-05	User_002	VF02	0090000006
1000	100000004	2019	2019-11-06	2019-11-06	User_002	VF02	0090000007
1000	100000005	2019	2019-11-12	2019-11-12	User_002	VF01	0090000008
1000	100000006	2019	2019-11-26	2019-11-26	User_003	VF01	0090000010
1000	100000007	2019	2019-11-27	2019-11-27	User_004	VF01	0090000011
1000	100000008	2020	2020-01-06	2020-01-06	User_005	FB50	010000000810002020
1000	100000009	2020	2020-01-06	2020-01-06	User_005	FB08	010000000910002020
1000	100000010	2019	2019-11-22	2019-11-22	User_002	VF02	0090000012
1000	100000011	2020	2020-01-25	2020-01-25	User_002	VF01	0090000013
1000	100000012	2020	2020-01-24	2020-01-24	User_004	VF02	0090000014
1000	100000013	2020	2020-02-13	2020-02-13	User_004	VF01	0090000015
1000	100000014	2020	2020-03-10	2020-03-10	User_002	FB50	010000001410002020
1000	100000015	2020	2020-03-10	2020-03-10	User_002	FB50	010000001510002020
1000	100000016	2020	2020-03-10	2020-03-10	User_002	FBVB	010000001610002020
1000	100000017	2020	2020-04-18	2020-04-18	User_002	FB50	010000001710002020
1000	100000018	2020	2020-04-19	2020-04-19	User_002	FB50	010000001810002020
1000	100000019	2020	2020-04-21	2020-04-21	User_002	FB50	010000001910002020
1000	100000020	2020	2020-04-23	2020-04-23	User_002	FB50	010000002010002020
1000	100000021	2020	2020-04-23	2020-04-23	User_002	FB50	010000002110002020
1000	100000022	2020	2020-04-23	2020-04-23	User_002	FB50	010000002210002020
1000	100000023	2020	2020-04-23	2020-04-23	User_002	FB50	010000002310002020
1000	100000024	2020	2020-04-23	2020-04-23	User_002	FB50	010000002410002020
1000	100000025	2020	2020-04-28	2020-04-28	User_002	FB50	010000002510002020
1000	100000026	2020	2020-04-28	2020-04-28	User_002	FB50	010000002610002020
1000	100000027	2020	2020-04-28	2020-04-28	User_002	FB50	010000002710002020
1000	100000028	2020	2020-04-28	2020-04-28	User_002	FB50	010000002810002020
1000	100000029	2020	2020-04-28	2020-04-28	User_002	FB50	010000002910002020
1000	100000030	2020	2020-05-25	2020-05-25	User_006	VF01	0090000020
1000	100000031	2020	2020-05-25	2020-05-25	User_006	VF11	0090000021
1000	100000032	2020	2020-05-25	2020-05-25	User_006	VF01	0090000022
1000	100000033	2020	2020-05-25	2020-05-25	User_006	VF01	0090000023
1000	100000034	2020	2020-05-25	2020-05-25	User_006	VF01	0090000024
1000	100000035	2020	2020-05-26	2020-05-26	User_006	VF01	0090000026
1000	100000036	2020	2020-05-26	2020-05-26	User_006	VF01	0090000027
1000	100000037	2020	2020-05-29	2020-05-29	User_006	VF01	0090000050
1000	100000038	2020	2020-06-10	2020-06-10	User_006		0090000052
1000	100000039	2020	2020-07-08	2020-07-08	User_006		0090000053
1000	100000040	2020	2020-07-09	2020-07-09	User_007	FBDC_P001	010000004010002020
1000	100000041	2020	2020-07-09	2020-07-09	User_007	FBDC_P001	010000004110002020
1000	100000042	2020	2020-07-10	2020-07-10	User_007	FBDC_P001	010000004210002020
1000	100000043	2020	2020-07-10	2020-07-10	User_007	FBDC_P001	010000004310002020
1000	100000044	2020	2020-07-10	2020-07-10	User_007	FB08	010000004410002020
1000	100000045	2020	2020-07-09	2020-07-09	User_007	FB08	010000004510002020
1000	100000046	2020	2020-07-09	2020-07-09	User_007	FB08	010000004610002020
1000	100000047	2020	2020-07-10	2020-07-10	User_007	FBDC_P001	010000004710002020
1000	100000048	2020	2020-07-13	2020-07-13	User_007	FBDC_P001	010000004810002020
1000	100000049	2020	2020-07-13	2020-07-13	User_007	FBDC_P001	010000004910002020
1000	100000050	2020	2020-08-01	2020-08-01	User_008	VF01	0090000054
1000	100000051	2020	2020-09-01	2020-09-01	User_008	VF01	0090000055
1000	100000052	2020	2020-10-01	2020-10-01	User_008	VF01	0090000056
1000	100000053	2020	2020-11-01	2020-11-01	User_008	VF01	0090000057
1000	100000054	2020	2020-12-01	2020-12-01	User_008	VF01	0090000058
1000	100000055	2021	2021-01-01	2021-01-01	User_008	VF01	0090000059
1000	100000056	2021	2021-02-01	2021-02-01	User_008	VF01	0090000060
1000	100000057	2021	2021-03-01	2021-03-01	User_008	VF01	0090000061
1000	100000058	2021	2021-04-01	2021-04-01	User_008	VF01	0090000062
1000	100000059	2021	2021-05-01	2021-05-01	User_008	VF01	0090000063
1000	100000060	2021	2021-06-01	2021-06-01	User_008	VF01	0090000064
1000	100000061	2021	2021-07-01	2021-07-01	User_008	VF01	0090000065
1000	100000062	2021	2021-08-01	2021-08-01	User_008	VF01	0090000066
1000	100000063	2021	2021-08-01	2021-08-01	User_008	VF11	0090000067
1000	100000064	2020	2020-07-22	2020-07-22	User_008	VF01	0090000068
1000	100000065	2020	2020-08-17	2020-08-31	User_009	KO88	0000000201
1000	100000066	2020	2020-08-20	2020-08-31	User_009	KO88	0000000401
1000	100000067	2020	2020-09-01	2020-09-01	User_010	VF01	0090000082
1000	100000068	2020	2020-10-01	2020-10-01	User_010	VF01	0090000083
1000	100000069	2020	2020-11-01	2020-11-01	User_010	VF01	0090000084
1000	100000070	2020	2020-12-01	2020-12-01	User_010	VF01	0090000085
1000	100000071	2021	2021-01-01	2021-01-01	User_010	VF01	0090000086
1000	100000072	2021	2021-02-01	2021-02-01	User_010	VF01	0090000087
1000	100000073	2021	2021-03-01	2021-03-01	User_010	VF01	0090000088
1000	100000074	2021	2021-04-01	2021-04-01	User_010	VF01	0090000089
1000	100000075	2021	2021-05-01	2021-05-01	User_010	VF01	0090000090
1000	100000076	2021	2021-06-01	2021-06-01	User_010	VF01	0090000091
1000	100000077	2021	2021-07-01	2021-07-01	User_010	VF01	0090000092
1000	100000078	2021	2021-08-01	2021-08-01	User_010	VF01	0090000093
1000	100000079	2021	2021-09-01	2021-09-01	User_010	VF01	0090000094
1000	100000080	2020	2020-09-01	2020-09-01	User_010	VF01	0090000095
1000	100000081	2020	2020-11-16	2020-11-16	User_010	VF01	0090000096
1000	100000082	2020	2020-11-16	2020-11-16	User_010	VF01	0090000097
1000	100000083	2021	2021-02-11	2021-02-11	User_001	VF01	0090000099
1000	100000084	2021	2021-04-01	2021-04-01	User_001	VF01	0090000100
1000	100000085	2021	2021-04-01	2021-04-01	User_001	VF11	0090000101
1000	100000086	2021	2021-01-31	2021-01-31	User_001	ACEPOSTINGRUN	010000008610002021
1000	100000087	2021	2021-01-31	2021-02-01	User_001	ACACTREE02	010000008710002021
1000	100000088	2021	2021-05-31	2021-05-31	User_001	ACEPOSTINGRUN	010000008810002021
1000	100000089	2021	2021-02-01	2021-02-01	User_002	FB50	010000008910002021
1000	100000090	2021	2021-02-01	2021-02-01	User_002	FB50	010000009010002021
1000	100000091	2021	2021-02-01	2021-02-01	User_002	FB50	010000009110002021
1000	100000092	2021	2021-03-10	2021-03-10	User_002	FB50	010000009210002021
1000	100000093	2021	2021-02-17	2021-02-17	User_002	FB50	010000009310002021
1000	100000094	2021	2021-03-20	2021-03-20	User_002	FB50	010000009410002021
1000	100000095	2021	2021-03-20	2021-03-20	User_002	FB50	010000009510002021
1000	100000096	2021	2021-01-01	2021-01-01	User_002	FB50	010000009610002021
1000	100000097	2021	2021-04-01	2021-04-01	User_002	FB50	010000009710002021
1000	100000098	2021	2021-06-08	2021-06-30	User_011	KO88	0000000801
1000	100000099	2021	2021-06-08	2021-06-30	User_011	KO88	0000000802
1000	100000100	2021	2021-06-10	2021-06-30	User_011	KO88	0000000901
1000	100000101	2021	2021-07-15	2021-07-15	User_002	FB50	010000010110002021
1000	100000102	2021	2021-07-15	2021-07-15	User_002	FB50	010000010210002021
1000	100000103	2021	2021-07-18	2021-07-18	User_001	FB01	010000010310002021
1000	100000104	2021	2021-07-18	2021-07-18	User_001	FB08	010000010410002021
1000	100000105	2021	2021-07-18	2021-07-18	User_001	FB01	010000010510002021
1000	100000106	2021	2021-07-18	2021-07-18	User_001	FB08	010000010610002021
1000	100000107	2021	2021-07-18	2021-07-18	User_001	FB01	010000010710002021
1000	100000108	2021	2021-07-20	2021-07-20	User_002	FB50	010000010810002021
1000	100000109	2021	2021-07-20	2021-07-31	User_001	CJ88	0000001001
1000	100000110	2021	2021-07-21	2021-07-31	User_001	AIBU	000000000110002021
1000	100000111	2021	2021-07-23	2021-07-23	User_002	FB50	010000011110002021
1000	100000112	2021	2021-08-11	2021-08-11	User_012	ABZON	000000000310002021
1000	100000113	2021	2021-08-11	2021-08-11	User_012	ABZON	000000000410002021
1000	100000114	2021	2021-08-11	2021-08-11	User_012	AIBU	000000000510002021
1000	100000115	2021	2021-08-11	2021-08-11	User_012	ABZON	000000000610002021
1000	100000116	2021	2021-08-10	2021-08-10	User_013	VF02	0090000105
1000	100000117	2021	2021-08-12	2021-08-12	User_013	VF01	0090000109
1000	100000118	2021	2021-08-11	2021-08-12	User_012	ABZON	000000000710002021
1000	100000119	2021	2021-08-12	2021-08-12	User_012	AIBU	000000000810002021
1000	100000120	2021	2021-08-12	2021-08-12	User_013	VF01	0090000110
1000	100000121	2021	2021-08-12	2021-08-12	User_012		0090000111
1000	100000122	2021	2021-08-10	2021-08-12	User_012	FB01	010000012210002021
1000	100000123	2021	2021-08-12	2021-08-12	User_013	VF02	0090000112
1000	100000124	2021	2021-08-12	2021-08-12	User_013	VF11	0090000114
1000	100000125	2021	2021-08-12	2021-08-12	User_013	VF01	0090000120
1000	100000126	2021	2021-08-12	2021-08-12	User_013	VF01	0090000121
1000	100000127	2021	2021-08-13	2021-08-13	User_014	FB01	010000012710002021
1000	100000128	2021	2021-08-16	2021-08-16	User_012	ABZON	000000000910002021
1000	100000129	2021	2021-08-16	2021-08-16	User_012	ABZON	000000001010002021
1000	100000130	2021	2021-08-16	2021-08-16	User_012	ABZON	000000001110002021
1000	100000131	2021	2021-08-16	2021-08-16	User_012	AIBU	000000001210002021
1000	100000132	2021	2021-08-16	2021-08-16	User_012	ABZON	000000001310002021
1000	100000133	2021	2021-08-16	2021-08-16	User_012	ABZON	000000001410002021
1000	100000134	2021	2021-08-16	2021-08-16	User_012	ABZON	000000001510002021
1000	100000135	2021	2021-08-16	2021-08-16	User_012	AIBU	000000001610002021
1000	100000136	2021	2021-08-16	2021-08-16	User_012	FB01	010000013610002021
1000	100000137	2021	2021-08-16	2021-08-16	User_012		0090000122
1000	100000138	2021	2021-10-25	2021-10-31	User_011	KO88	0000001201
1000	100000139	2021	2021-11-02	2021-11-30	User_015	CJ88	0000001302
1000	100000140	2021	2021-11-02	2021-11-30	User_015	CJ88	0000001303
1000	100000141	2022	2022-01-31	2022-01-31	User_015	CJZ2	00000000011000
1000	100000142	2021	2021-11-30	2021-11-30	User_015	FB50	010000014210002021
1000	100000143	2021	2021-11-17	2021-11-17	User_002	FB50	010000014310002021
1000	100000144	2021	2021-11-17	2021-11-17	User_002	FB50	010000014410002021
1000	100000145	2021	2021-11-20	2021-11-20	User_002	VF01	0090000123
1000	100000146	2021	2021-12-15	2021-12-15	User_016	VF01	0090000124
1000	100000147	2021	2021-12-16	2021-12-16	User_016	VF01	0090000125
1000	100000148	2021	2021-12-16	2021-12-16	User_016	VF01	0090000126
1000	100000149	2021	2021-12-19	2021-12-19	User_016	VF02	0090000127
1000	100000150	2021	2021-12-19	2021-12-19	User_016	VF01	0090000128
1000	100000151	2021	2021-12-20	2021-12-20	User_016	VF01	0090000129
1000	100000152	2022	2022-03-10	2022-03-10	User_004	VF01	0090000130
1000	100000153	2022	2022-03-10	2022-03-10	User_004	VF01	0090000131
1000	100000154	2022	2022-03-31	2022-03-31	User_007	CJZ2	00000001011000
1000	100000155	2022	2022-03-15	2022-03-15	User_017	VF01	0090000132
1000	100000156	2022	2022-03-16	2022-03-16	User_017	VF01	0090000133
1000	100000157	2022	2022-06-10	2022-06-10	User_004	VF01	0090000134
1000	100000158	2022	2022-06-24	2022-06-24	User_004	VF01	0090000135
1000	100000159	2022	2022-03-23	2022-03-23	User_017	VF01	0090000136
1000	100000160	2022	2022-06-23	2022-06-23	User_001	FB50	010000016010002022
1000	100000161	2022	2022-06-27	2022-06-27	User_001	VF02	0090000137
1000	100000162	2022	2022-06-30	2022-06-30	User_001	FB50	010000016210002022
1000	100000163	2022	2022-08-01	2022-08-01	User_001	VF04	0090000138
1000	100000164	2022	2022-08-01	2022-08-01	User_001	VF04	0090000139
1000	100000165	2022	2022-08-01	2022-08-01	User_001	VF11	0090000140
1000	100000166	2022	2022-08-01	2022-08-01	User_001	VF11	0090000141
1000	100000167	2022	2022-08-01	2022-08-01	User_001	VF01	0090000142
1000	100000168	2022	2022-08-01	2022-08-01	User_001	VF01	0090000143
1000	100000169	2022	2022-08-01	2022-08-01	User_001	VF11	0090000144
1000	100000170	2022	2022-08-01	2022-08-01	User_001	VF11	0090000145
1000	100000171	2022	2022-08-01	2022-08-01	User_001	VF01	0090000146
1000	100000172	2022	2022-08-01	2022-08-01	User_001	VF11	0090000147
1000	100000173	2022	2022-07-01	2022-07-01	User_001	VF02	0090000148
1000	100000174	2022	2022-07-01	2022-07-01	User_001	VF02	0090000149
1000	100000175	2022	2022-02-01	2022-02-01	User_001	VF01	0090000150
1000	100000176	2022	2022-03-01	2022-03-01	User_001	VF01	0090000151
1000	100000177	2022	2022-04-01	2022-04-01	User_001	VF01	0090000152
1000	100000178	2022	2022-05-01	2022-05-01	User_001	VF01	0090000153
1000	100000179	2022	2022-06-01	2022-06-01	User_001	VF01	0090000154
1000	100000180	2022	2022-08-01	2022-08-01	User_001	VF01	0090000155
1000	100000181	2022	2022-07-05	2022-07-05	User_001	VF01	0090000156
1000	100000182	2022	2022-12-07	2022-12-07	User_018	VF01	0090000158
1000	100000183	2022	2022-12-14	2022-12-14	User_018	VF01	0090000159
1000	100000184	2022	2022-12-14	2022-12-14	User_018	VF01	0090000160
1000	100000185	2026	2026-03-19	2026-03-19	User_019	FB50	010000018510002026
1000	100000186	2026	2026-03-23	2026-03-23	User_020	FB50	010000018610002026
1000	100000187	2026	2026-04-07	2026-04-07	User_020	FB50	010000018710002026
1000	100000188	2026	2026-04-08	2026-04-08	User_019	FB50	010000018810002026
1000	100000189	2026	2026-04-08	2026-04-08	User_019	FB50	010000018910002026
1000	300000000	2021	2021-08-31	2021-08-31	User_001	AFABN	000000000110002021
1000	300000001	2021	2021-08-31	2021-08-31	User_001	AFABN	000000000110002021
1000	300000002	2021	2021-08-31	2021-08-31	User_012	AFABN	000000000210002021
1000	300000003	2021	2021-08-31	2021-08-31	User_012	AFABN	000000000210002021
1000	1400000000	2020	2020-09-22	2020-09-22	User_021	FBDC_C024	140000000010002020
1000	1400000001	2022	2022-01-14	2022-01-14	User_022	FBDC_C024	140000000110002022
1000	1400000002	2022	2022-01-25	2022-01-25	User_022	FBDC_C024	140000000210002022
1000	1400000003	2022	2022-01-25	2022-01-25	User_022	FBDC_C024	140000000310002022
1000	1600000000	2020	2020-09-21	2020-09-21	User_001	WB2R_SC	7000000004
1000	1600000001	2022	2022-07-04	2022-07-04	User_018	FB08	160000000110002022
1000	1600000002	2022	2022-07-04	2022-07-04	User_018	FB08	160000000210002022
1000	1700000000	2021	2021-08-16	2021-08-17	User_012	FB08	170000000010002021
1000	1800000000	2021	2021-11-01	2021-11-01	User_015	FB70	180000000010002021
1000	1800000001	2021	2021-11-01	2021-11-01	User_015	FB70	180000000110002021
1000	1800000002	2021	2021-11-01	2021-11-01	User_015	FB70	180000000210002021
1000	1800000003	2021	2021-11-01	2021-11-01	User_015	FB70	180000000310002021
1000	1800000004	2021	2021-11-01	2021-11-01	User_015	FB70	180000000410002021
1000	1800000005	2021	2021-11-01	2021-11-01	User_015	FB70	180000000510002021
1000	1800000006	2021	2021-11-03	2021-11-03	User_009	FB70	180000000610002021
1000	1800000007	2022	2022-01-01	2022-01-01	User_009	FB70	180000000710002022
1000	1800000008	2022	2022-01-01	2022-01-01	User_009	FB70	180000000810002022
1000	1800000009	2022	2022-01-11	2022-01-11	User_022	FB70	180000000910002022
1000	1800000010	2022	2022-01-11	2022-01-11	User_022	FB70	180000001010002022
1000	1800000011	2022	2022-01-11	2022-01-11	User_023	FB70	180000001110002022
1000	1800000012	2022	2022-01-11	2022-01-11	User_023	FB70	180000001210002022
1000	1800000013	2022	2022-01-11	2022-01-11	User_023	FB70	180000001310002022
1000	1800000014	2022	2022-01-11	2022-01-11	User_023	FB70	180000001410002022
1000	1800000015	2022	2022-01-11	2022-01-11	User_023	FB70	180000001510002022
1000	1800000016	2022	2022-01-11	2022-01-11	User_023	FB70	180000001610002022
1000	1800000017	2022	2022-01-11	2022-01-11	User_023	FB70	180000001710002022
1000	1800000018	2022	2022-01-11	2022-01-11	User_023	FB70	180000001810002022
1000	1800000019	2022	2022-01-11	2022-01-11	User_023	FB70	180000001910002022
1000	1800000020	2022	2022-01-11	2022-01-11	User_023	FB70	180000002010002022
1000	1800000021	2022	2022-01-01	2022-01-14	User_022	FB70	180000002110002022
1000	1800000022	2022	2022-01-01	2022-01-14	User_022	FB70	180000002210002022
1000	1800000023	2022	2022-01-05	2022-01-18	User_022	FB70	180000002310002022
1000	1800000024	2022	2022-01-18	2022-01-18	User_022	FB70	180000002410002022
1000	1800000025	2022	2022-01-03	2022-01-18	User_022	FB70	180000002510002022
1000	1800000026	2022	2022-01-18	2022-01-18	User_022	FB70	180000002610002022
1000	1800000027	2022	2022-01-18	2022-01-18	User_022	FB70	180000002710002022
1000	1800000028	2022	2022-01-18	2022-01-18	User_022	FB70	180000002810002022
1000	1800000029	2022	2022-01-01	2022-01-25	User_022	FB70	180000002910002022
1000	1800000030	2022	2022-01-01	2022-01-25	User_022	FB70	180000003010002022
1000	1800000031	2022	2022-01-01	2022-01-25	User_022	FB70	180000003110002022
1000	1800000032	2022	2022-01-01	2022-01-25	User_022	FB70	180000003210002022
1000	1800000033	2022	2022-01-18	2022-01-25	User_022	FB70	180000003310002022
1000	1800000034	2022	2022-01-26	2022-01-26	User_022	FB70	180000003410002022
1000	1800000035	2022	2022-01-26	2022-01-26	User_022	FB70	180000003510002022
1000	1800000036	2022	2022-01-26	2022-01-26	User_022	FB70	180000003610002022
1000	1800000037	2022	2022-07-04	2022-07-04	User_018	FB70	180000003710002022
1000	1800000038	2022	2022-07-04	2022-07-04	User_018	FB70	180000003810002022
1000	1800000039	2022	2022-07-04	2022-07-04	User_018	FB70	180000003910002022
1000	1900000000	2021	2021-02-16	2021-02-16	User_002	FB60	190000000010002021
1000	1900000001	2021	2021-08-16	2021-08-16	User_012	FB60	190000000110002021
1000	1900000002	2021	2021-08-16	2021-08-16	User_012	FB60	190000000210002021
1000	1900000003	2021	2021-10-26	2021-10-26	User_015	FB60	190000000310002021
1000	1900000004	2021	2021-10-26	2021-10-26	User_015	FB60	190000000410002021
1000	1900000005	2021	2021-10-30	2021-10-30	User_015	FB60	190000000510002021
1000	1900000006	2021	2021-10-30	2021-10-30	User_015	FB60	190000000610002021
1000	1900000007	2021	2021-10-31	2021-10-31	User_015	FB60	190000000710002021
1000	1900000008	2021	2021-10-31	2021-10-31	User_015	FB60	190000000810002021
1000	1900000009	2021	2021-11-01	2021-11-01	User_015	FB60	190000000910002021
1000	1900000010	2021	2021-11-01	2021-11-01	User_015	FB60	190000001010002021
1000	1900000011	2021	2021-11-01	2021-11-01	User_015	FB60	190000001110002021
1000	1900000012	2021	2021-11-01	2021-11-01	User_015	FB60	190000001210002021
1000	1900000013	2021	2021-11-01	2021-11-01	User_015	FB60	190000001310002021
1000	1900000014	2021	2021-11-01	2021-11-01	User_015	FB60	190000001410002021
1000	1900000015	2021	2021-11-01	2021-11-01	User_015	FB60	190000001510002021
1000	1900000016	2021	2021-11-01	2021-11-01	User_015	FB60	190000001610002021
1000	1900000017	2021	2021-11-01	2021-11-01	User_015	FB60	190000001710002021
1000	1900000018	2021	2021-11-01	2021-11-01	User_015	FB60	190000001810002021
1000	1900000019	2021	2021-11-01	2021-11-01	User_015	FB60	190000001910002021
1000	1900000020	2021	2021-11-01	2021-11-01	User_015	FB60	190000002010002021
1000	1900000021	2021	2021-11-01	2021-11-01	User_015	FB60	190000002110002021
1000	1900000022	2021	2021-11-01	2021-11-01	User_009	FB60	190000002210002021
1000	1900000023	2021	2021-11-03	2021-11-03	User_009	FB60	190000002310002021
1000	1900000024	2021	2021-11-03	2021-11-03	User_009	FB60	190000002410002021
1000	1900000025	2021	2021-11-03	2021-11-03	User_015	FB60	190000002510002021
1000	1900000026	2021	2021-11-03	2021-11-03	User_015	FB60	190000002610002021
1000	1900000027	2022	2022-01-01	2022-01-01	User_009	FB60	190000002710002022
1000	1900000028	2022	2022-01-01	2022-01-01	User_009	FB60	190000002810002022
1000	1900000029	2022	2022-01-01	2022-01-01	User_009	FB60	190000002910002022
1000	1900000030	2021	2021-11-03	2021-11-03	User_009	FB60	190000003010002021
1000	1900000031	2022	2022-01-01	2022-01-01	User_015	FB60	190000003110002022
1000	1900000032	2021	2021-11-01	2021-11-01	User_015	FB60	190000003210002021
1000	1900000033	2021	2021-10-01	2021-10-10	User_015	FB60	190000003310002021
1000	1900000034	2022	2022-01-01	2022-01-01	User_009	FB60	190000003410002022
1000	1900000035	2022	2022-01-01	2022-01-01	User_009	FB60	190000003510002022
1000	2300000000	2019	2019-10-12	2019-10-12	User_002	KB21N	03000000001000
1000	2300000001	2019	2019-11-01	2019-11-30	User_002	CJ44	03000001001000
1000	2300000002	2019	2019-10-28	2019-10-28	User_002	CATA	0000000001
1000	2300000003	2019	2019-10-29	2019-10-29	User_002	CATA	0000000002
1000	2300000004	2019	2019-10-30	2019-10-30	User_002	CATA	0000000003
1000	2300000005	2019	2019-11-04	2019-11-04	User_002	CATA	0000000004
1000	2300000006	2019	2019-11-05	2019-11-05	User_002	CATA	0000000005
1000	2300000007	2019	2019-11-09	2019-11-09	User_002	KB21N	03000001061000
1000	2300000008	2020	2020-06-16	2020-06-16	User_002	CATA	0000000007
1000	2300000009	2020	2020-02-28	2020-02-28	User_009	IW41	000000115100000001
1000	2300000010	2020	2020-03-03	2020-03-03	User_009		000000120200000001
1000	2300000011	2020	2020-04-19	2020-04-19	User_002	KB21N	05000001011000
1000	2300000012	2020	2020-04-21	2020-04-21	User_002	KB21N	05000001021000
1000	2300000013	2020	2020-06-02	2020-06-02	User_024		000000130800000001
1000	2300000014	2020	2020-06-05	2020-06-05	User_025		000000141700000001
1000	2300000015	2020	2020-06-17	2020-06-17	User_026		000000160200000001
1000	2300000016	2020	2020-06-17	2020-06-17	User_026		000000160300000001
1000	2300000017	2020	2020-06-17	2020-06-17	User_026		000000160400000001
1000	2300000018	2020	2020-06-17	2020-06-17	User_009		000000160500000001
1000	2300000019	2020	2020-06-17	2020-06-17	User_026		000000160700000001
1000	2300000020	2020	2020-07-09	2020-07-09	User_024	IW42	000000220100000001
1000	2300000021	2020	2020-07-13	2020-07-31	User_007	KSU5	03000002071000
1000	2300000022	2020	2020-07-13	2020-07-13	User_024	IW44	000000231300000001
1000	2300000023	2020	2020-07-13	2020-07-13	User_024	IW44	000000231400000001
1000	2300000024	2020	2020-07-13	2020-07-13	User_024	IW44	000000231500000001
1000	2300000025	2020	2020-07-13	2020-07-13	User_024	IW44	000000231600000001
1000	2300000026	2020	2020-07-13	2020-07-13	User_024	IW44	000000231700000001
1000	2300000027	2020	2020-07-13	2020-07-13	User_024	IW44	000000231800000001
1000	2300000028	2020	2020-07-13	2020-07-13	User_024	IW44	000000231900000001
1000	2300000029	2020	2020-07-13	2020-07-13	User_024	IW44	000000232000000001
1000	2300000030	2020	2020-07-13	2020-07-13	User_024	IW44	000000232100000001
1000	2300000031	2020	2020-07-16	2020-07-16	User_025	IW41	000000242200000001
1000	2300000032	2020	2020-07-16	2020-07-31	User_025	KO88	0000000103
1000	2300000033	2020	2020-07-16	2020-07-16	User_025	IW41	000000243100000001
1000	2300000034	2020	2020-07-16	2020-07-31	User_025	KO88	0000000104
1000	2300000035	2020	2020-07-16	2020-07-16	User_008	IW42	000000241500000001
1000	2300000036	2020	2020-07-16	2020-07-16	User_008	IW45	000000241500000002
1000	2300000037	2020	2020-07-17	2020-07-17	User_008	IW42	000000241500000003
1000	2300000038	2020	2020-07-17	2020-07-17	User_008	IW42	000000241800000003
1000	2300000039	2020	2020-07-20	2020-07-20	User_008	IW42	000000250200000001
1000	2300000040	2020	2020-07-21	2020-07-21	User_008	IW42	000000261900000001
1000	2300000041	2020	2020-07-21	2020-07-21	User_008	IW45	000000261900000002
1000	2300000042	2020	2020-07-22	2020-07-22	User_008	IW42	000000270200000001
1000	2300000043	2020	2020-08-04	2020-08-04	User_009	IW41	000000310200000001
1000	2300000044	2020	2020-08-13	2020-08-13	User_009	IW41	000000360200000001
1000	2300000045	2020	2020-08-14	2020-08-14	User_025	IW42	000000243000000001
1000	2300000046	2020	2020-08-14	2020-08-14	User_025	IW42	000000243400000001
1000	2300000047	2020	2020-08-14	2020-08-14	User_025	IW41	000000370200000001
1000	2300000048	2020	2020-08-18	2020-08-31	User_009	KO88	0000000301
1000	2300000049	2020	2020-08-20	2020-08-20	User_009	IW41	000000400300000001
1000	2300000050	2020	2020-08-20	2020-08-20	User_025	IW41	000000243100000002
1000	2300000051	2020	2020-08-26	2020-08-26	User_024		000000421000000001
1000	2300000052	2020	2020-10-12	2020-10-12	User_024		000000500100000001
1000	2300000053	2020	2020-10-12	2020-10-12	User_024		000000500300000001
1000	2300000054	2020	2020-10-26	2020-10-26	User_027		0000000021
1000	2300000055	2020	2020-11-16	2020-11-16	User_010	IW42	000000460100000001
1000	2300000056	2020	2020-11-16	2020-11-16	User_010	IW42	000000460200000001
1000	2300000057	2020	2020-11-16	2020-11-16	User_010	IW42	000000570100000001
1000	2300000058	2020	2020-11-16	2020-11-16	User_010	IW42	000000571600000001
1000	2300000059	2020	2020-11-16	2020-11-16	User_010	IW42	000000571700000001
1000	2300000060	2020	2020-11-25	2020-11-25	User_028	IW42	000000590100000001
1000	2300000061	2020	2020-11-25	2020-11-25	User_028	IW42	000000590200000001
1000	2300000062	2020	2020-12-08	2020-12-08	User_024		000000610100000001
1000	2300000063	2020	2020-12-08	2020-12-08	User_024	IW42	000000610200000001
1000	2300000064	2020	2020-12-08	2020-12-08	User_024		000000610400000001
1000	2300000065	2020	2020-12-08	2020-12-08	User_024		000000610500000001
1000	2300000066	2020	2020-12-10	2020-12-10	User_024		000000620100000001
1000	2300000067	2020	2020-12-10	2020-12-10	User_024		000000620200000001
1000	2300000068	2020	2020-12-17	2020-12-17	User_024		000000630200000001
1000	2300000069	2020	2020-12-17	2020-12-17	User_024		000000630300000001
1000	2300000070	2020	2020-12-17	2020-12-17	User_024		000000630400000001
1000	2300000071	2020	2020-12-17	2020-12-17	User_024		000000630500000001
1000	2300000072	2020	2020-12-17	2020-12-17	User_024		000000630600000001
1000	2300000073	2020	2020-12-22	2020-12-22	User_028	IW42	000000640100000001
1000	2300000074	2020	2020-12-22	2020-12-22	User_028	IW42	000000640200000001
1000	2300000075	2020	2020-12-23	2020-12-23	User_028	IW42	000000650100000001
1000	2300000076	2020	2020-12-23	2020-12-23	User_028	IW42	000000650200000001
1000	2300000077	2021	2021-01-07	2021-01-07	User_029	IW41	000000430400000011
1000	2300000078	2021	2021-01-07	2021-01-07	User_029	IW41	000000500100000002
1000	2300000079	2021	2021-01-28	2021-01-28	User_030		000000710100000001
1000	2300000080	2021	2021-01-29	2021-01-29	User_031		000000720100000001
1000	2300000081	2021	2021-01-29	2021-01-29	User_031		000000720400000001
1000	2300000082	2021	2021-02-04	2021-02-04	User_030	IW41	000000731900000001
1000	2300000083	2021	2021-02-04	2021-02-28	User_030	KO88	0000000501
1000	2300000084	2021	2021-02-04	2021-02-04	User_030	IW42	000000732100000001
1000	2300000085	2021	2021-02-04	2021-02-04	User_030	IW42	000000732100000002
1000	2300000086	2021	2021-02-04	2021-02-04	User_031		000000732000000001
1000	2300000087	2021	2021-02-04	2021-02-04	User_031		000000732200000001
1000	2300000088	2021	2021-02-05	2021-02-05	User_002	CO19	000000732800000002
1000	2300000089	2021	2021-02-08	2021-02-08	User_030		000000740200000001
1000	2300000090	2021	2021-02-08	2021-02-08	User_030		000000740200000002
1000	2300000091	2021	2021-02-11	2021-02-05	User_002	CO13	000000732800000003
1000	2300000092	2021	2021-02-11	2021-02-11	User_002	CO1F	000000745000000001
1000	2300000093	2021	2021-02-11	2021-02-11	User_002	CO11N	000000745000000002
1000	2300000094	2021	2021-02-11	2021-02-11	User_002	CO11N	000000745100000001
1000	2300000095	2021	2021-02-11	2021-02-11	User_002	CO1F	000000745200000001
1000	2300000096	2021	2021-02-11	2021-02-11	User_002	CO1F	000000745300000001
1000	2300000097	2021	2021-02-11	2021-02-11	User_002	CO1F	000000745300000002
1000	2300000098	2021	2021-02-11	2021-02-11	User_002	CO1F	000000745400000001
1000	2300000099	2021	2021-02-11	2021-02-11	User_002	CO1F	000000745500000001
1000	2300000100	2021	2021-02-12	2021-02-12	User_002	CO1F	000000745600000001
1000	2300000101	2021	2021-02-12	2021-02-12	User_002	CO19	000000745700000002
1000	2300000102	2021	2021-02-12	2021-02-12	User_002	CO19	000000745800000002
1000	2300000103	2021	2021-02-15	2021-02-15	User_002	CO19	000000745900000002
1000	2300000104	2021	2021-02-15	2021-02-15	User_002	CO11N	000000746400000001
1000	2300000105	2021	2021-02-15	2021-02-15	User_002	CO11N	000000747900000001
1000	2300000106	2021	2021-02-15	2021-02-15	User_002	CO11N	000000758200000001
1000	2300000107	2021	2021-02-15	2021-02-15	User_002	CO13	000000758200000002
1000	2300000108	2021	2021-02-17	2021-02-17	User_002	CO19	000000744900000004
1000	2300000109	2021	2021-02-17	2021-02-17	User_025		000000140700000001
1000	2300000110	2021	2021-02-23	2021-02-23	User_001	CO11N	000000770300000001
1000	2300000111	2021	2021-04-02	2021-04-02	User_025	IW41	000000890100000001
1000	2300000112	2021	2021-04-08	2021-04-08	User_002	KB21N	05000032001000
1000	2300000113	2021	2021-04-08	2021-04-08	User_002	KB21N	05000032011000
1000	2300000114	2021	2021-05-21	2021-05-21	User_032	IW41	000000980200000001
1000	2300000115	2021	2021-05-21	2021-05-21	User_032	IW42	000000980300000001
1000	2300000116	2021	2021-05-21	2021-05-21	User_032	IW42	000000980400000001
1000	2300000117	2021	2021-05-21	2021-05-21	User_032	IW42	000000980500000001
1000	2300000118	2021	2021-05-25	2021-05-25	User_032	IW41	000000980300000003
1000	2300000119	2021	2021-05-25	2021-05-25	User_032	IW42	000000980400000004
1000	2300000120	2021	2021-05-25	2021-05-25	User_032	IW42	000000980200000005
1000	2300000124	2021	2021-06-02	2021-06-02	User_033		000001030100000001
1000	2300000125	2021	2021-06-02	2021-05-31	User_032	KO88	0000000601
1000	2300000126	2021	2021-06-03	2021-06-03	User_032	IW44	000001031100000001
1000	2300000127	2021	2021-06-03	2021-06-30	User_032	KO88	0000000701
1000	2300000128	2021	2021-06-03	2021-06-30	User_032	KO88	0000000702
1000	2300000129	2021	2021-06-03	2021-06-03	User_032	IW41	000001040200000001
1000	2300000130	2021	2021-06-08	2021-06-08	User_011	IW41	000001060200000001
1000	2300000131	2021	2021-06-08	2021-06-08	User_011	IW45	000001060200000002
1000	2300000132	2021	2021-06-08	2021-06-08	User_011	IW41	000001060200000003
1000	2300000133	2021	2021-06-08	2021-06-08	User_011	IW41	000001060400000001
1000	2300000134	2021	2021-06-10	2021-06-10	User_011	IW41	000001070300000001
1000	2300000135	2021	2021-06-15	2021-06-15	User_011	IW41	000001090100000001
1000	2300000136	2021	2021-08-02	2021-08-02	User_027		0000000041
1000	2300000137	2021	2021-08-07	2021-08-31	User_002	CJ88	0000001101
1000	2300000138	2021	2021-08-13	2021-08-31	User_014	KSU5	03000008021000
1000	2300000139	2021	2021-08-13	2021-08-31	User_014	KSU5	03000008031000
1000	2300000140	2021	2021-08-17	2021-08-17	User_025	IW41	000001341900000001
1000	2300000141	2021	2021-08-17	2021-08-17	User_025	IW41	000001341900000002
1000	2300000142	2021	2021-08-17	2021-08-17	User_025	IW41	000001341900000003
1000	2300000143	2021	2021-08-17	2021-08-17	User_025	IW41	000001341900000004
1000	2300000148	2021	2021-09-24	2021-09-24	User_034	CO11N	000001400100000001
1000	2300000149	2021	2021-09-24	2021-09-24	User_034	CO11N	000001400300000002
1000	2300000153	2021	2021-10-14	2021-10-14	User_035		000001450100000001
1000	2300000154	2021	2021-11-02	2021-11-30	User_015	CJ88	0000001301
1000	2300000155	2021	2021-11-02	2021-11-30	User_015	CJ88	0000001304
1000	2300000156	2021	2021-11-17	2021-11-17	User_002	KB21N	05000046001000
1000	2300000157	2021	2021-11-18	2021-11-18	User_002	KB21N	05000046011000
1000	2300000159	2021	2021-11-22	2021-11-22	User_031		000001460300000001
1000	2300000160	2021	2021-11-23	2021-11-23	User_031		000001530100000001
1000	2300000161	2021	2021-11-23	2021-11-23	User_031		000001530100000002
1000	2300000162	2021	2021-12-01	2021-12-01	User_025		000001560100000001
1000	2300000163	2021	2021-12-09	2021-12-09	User_036		000001591800000001
1000	2300000164	2021	2021-12-09	2021-12-09	User_036		000001592600000001
1000	2300000165	2021	2021-12-09	2021-12-09	User_036		000001592600000002
1000	2300000166	2021	2021-12-09	2021-12-09	User_036		000001592200000001
1000	2300000167	2021	2021-12-09	2021-12-09	User_036		000001592200000002
1000	2300000168	2021	2021-12-15	2021-12-15	User_037	/PACG/ECM_COCKPIT	000001601600000001
1000	2300000169	2021	2021-12-15	2021-12-15	User_037	/PACG/ECM_COCKPIT	000001601400000001
1000	2300000170	2021	2021-12-15	2021-12-15	User_037	/PACG/ECM_COCKPIT	000001600400000001
1000	2300000171	2021	2021-12-15	2021-12-15	User_011	BD87	000001601600000002
1000	2300000172	2021	2021-12-15	2021-12-15	User_036		000001602100000001
1000	2300000173	2021	2021-12-15	2021-12-15	User_037	/PACG/ECM_COCKPIT	000001601900000001
1000	2300000174	2021	2021-12-15	2021-12-15	User_036		000001602200000001
1000	2300000175	2021	2021-12-16	2021-12-16	User_036		000001602800000001
1000	2300000176	2021	2021-12-16	2021-12-16	User_036		000001603100000001
1000	2300000177	2021	2021-12-17	2021-12-17	User_036		000001603500000001
1000	2300000178	2021	2021-12-17	2021-12-17	User_036		000001603500000002
1000	2300000179	2021	2021-12-17	2021-12-17	User_036		000001603200000001
1000	2300000180	2021	2021-12-17	2021-12-17	User_036		000001603200000002
1000	2300000181	2021	2021-12-19	2021-12-19	User_036		000001604600000001
1000	2300000182	2021	2021-12-19	2021-12-19	User_036		000001605200000001
1000	2300000183	2021	2021-12-19	2021-12-19	User_036		000001605300000001
1000	2300000184	2021	2021-12-19	2021-12-19	User_036		000001605400000001
1000	2300000185	2021	2021-12-20	2021-12-20	User_036		000001601300000001
1000	2300000186	2021	2021-12-20	2021-12-20	User_036		000001605500000001
1000	2300000187	2022	2022-02-07	2022-02-07	User_038	IW41	000001710200000001
1000	2300000188	2022	2022-02-07	2022-02-28	User_038	KO88	0000001401
1000	2300000189	2022	2022-02-08	2022-02-08	User_032	IW41	000001720100000001
1000	2300000190	2022	2022-02-08	2022-02-08	User_032	IW42	000001720100000002
1000	2300000191	2022	2022-02-17	2022-02-17	User_038	IW41	000001771300000001
1000	2300000192	2022	2022-02-17	2022-02-17	User_038	IW41	000001771400000001
1000	2300000193	2022	2022-02-17	2022-02-17	User_038	IW41	000001771700000001
1000	2300000194	2022	2022-02-21	2022-02-21	User_038	IW41	000001780200000001
1000	2300000195	2022	2022-02-23	2022-02-23	User_032	IW41	000001781800000001
1000	2300000196	2022	2022-02-23	2022-02-23	User_032	IW42	000001781800000002
1000	2300000197	2022	2022-02-23	2022-02-23	User_036		000001800600000001
1000	2300000198	2022	2022-02-23	2022-02-23	User_036		000001800600000002
1000	2300000199	2022	2022-02-23	2022-02-23	User_036		000001801600000001
1000	2300000200	2022	2022-02-23	2022-02-23	User_036		000001170800000001
1000	2300000201	2022	2022-02-23	2022-02-23	User_036		000001336800000001
1000	2300000202	2022	2022-03-01	2022-03-01	User_011	IW42	000001605600000001
1000	2300000203	2022	2022-03-04	2022-03-04	User_039		000001830600000001
1000	2300000204	2022	2022-03-09	2022-03-09	User_036		000001860900000001
1000	2300000205	2022	2022-03-10	2022-03-10	User_004	KB21N	05000059011000
1000	2300000206	2022	2022-03-10	2022-03-10	User_036		000001861700000001
1000	2300000207	2022	2022-03-10	2022-03-10	User_036		000001862200000001
1000	2300000208	2022	2022-03-10	2022-03-10	User_036		000001862300000001
1000	2300000209	2022	2022-03-10	2022-03-10	User_036		000001862500000001
1000	2300000210	2022	2022-03-10	2022-03-10	User_036		000001862500000002
1000	2300000211	2022	2022-03-14	2022-03-14	User_017	/PACG/ECM_COCKPIT	000001871600000001
1000	2300000212	2022	2022-03-14	2022-03-14	User_017	/PACG/ECM_COCKPIT	000001871700000001
1000	2300000213	2022	2022-03-14	2022-03-14	User_004	KB21N	05000060021000
1000	2300000214	2022	2022-03-14	2022-03-14	User_004	KB21N	05000060031000
1000	2300000215	2022	2022-03-15	2022-03-15	User_036		000001872400000001
1000	2300000216	2022	2022-03-16	2022-03-16	User_036		000001874000000001
1000	2300000217	2022	2022-03-16	2022-03-16	User_017	BD87	000001872100000001
1000	2300000218	2022	2022-03-16	2022-03-16	User_036		000001874600000001
1000	2300000219	2022	2022-03-17	2022-03-17	User_036		000001875100000001
1000	2300000220	2022	2022-03-17	2022-03-17	User_036		000001875100000002
1000	2300000221	2022	2022-04-11	2022-04-11	User_036		000001981000000001
1000	2300000222	2022	2022-04-11	2022-04-11	User_017	/PACG/ECM_COCKPIT	000001874700000001
1000	2300000223	2022	2022-04-11	2022-04-11	User_017	/PACG/ECM_COCKPIT	000001875000000001
1000	2300000224	2022	2022-04-11	2022-04-11	User_017	/PACG/ECM_COCKPIT	000001940200000001
1000	2300000225	2022	2022-04-11	2022-04-11	User_017	/PACG/ECM_COCKPIT	000001940800000001
1000	2300000226	2022	2022-04-11	2022-04-11	User_017	/PACG/ECM_COCKPIT	000001940100000001
1000	2300000227	2022	2022-04-11	2022-04-11	User_017	/PACG/ECM_COCKPIT	000001940700000001
1000	2300000228	2022	2022-04-11	2022-04-11	User_017	/PACG/ECM_COCKPIT	000001960100000001
1000	2300000229	2022	2022-04-11	2022-04-11	User_017	/PACG/ECM_COCKPIT	000001940600000001
1000	2300000230	2022	2022-04-11	2022-04-11	User_017	/PACG/ECM_COCKPIT	000001960400000001
1000	2300000231	2022	2022-04-11	2022-04-11	User_017	/PACG/ECM_COCKPIT	000001941000000001
1000	2300000232	2022	2022-04-11	2022-04-11	User_017	/PACG/ECM_COCKPIT	000001960300000001
1000	2300000233	2022	2022-04-11	2022-04-11	User_017	/PACG/ECM_COCKPIT	000001980800000001
1000	2300000234	2022	2022-04-11	2022-04-11	User_017	/PACG/ECM_COCKPIT	000001960200000001
1000	2300000235	2022	2022-04-11	2022-04-11	User_017	/PACG/ECM_COCKPIT	000001980600000001
1000	2300000236	2022	2022-04-11	2022-04-11	User_017	/PACG/ECM_COCKPIT	000001980700000001
1000	2300000237	2022	2022-04-11	2022-04-11	User_017	/PACG/ECM_COCKPIT	000001980400000001
1000	2300000238	2022	2022-04-11	2022-04-11	User_017	/PACG/ECM_COCKPIT	000001980500000001
1000	2300000239	2022	2022-04-11	2022-04-11	User_017	/PACG/ECM_COCKPIT	000001981000000002
1000	2300000240	2022	2022-04-11	2022-04-11	User_017	/PACG/ECM_COCKPIT	000001940500000001
1000	2300000241	2022	2022-04-11	2022-04-11	User_017	/PACG/ECM_COCKPIT	000001940500000002
1000	2300000242	2022	2022-04-11	2022-04-11	User_017	/PACG/ECM_COCKPIT	000001940300000001
1000	2300000243	2022	2022-04-11	2022-04-11	User_017	/PACG/ECM_COCKPIT	000001940300000002
1000	2300000244	2022	2022-04-11	2022-04-11	User_017	/PACG/ECM_COCKPIT	000001602700000001
1000	2300000245	2022	2022-04-12	2022-04-12	User_017	BD87	000000480400000001
1000	2300000246	2022	2022-04-12	2022-04-12	User_017	BD87	000000490200000001
1000	2300000247	2022	2022-04-12	2022-04-12	User_017	BD87	000000731100000001
1000	2300000248	2022	2022-04-12	2022-04-12	User_017	BD87	000001870200000001
1000	2300000249	2022	2022-04-12	2022-04-12	User_017	BD87	000001861500000001
1000	2300000250	2022	2022-04-12	2022-04-12	User_017	BD87	000001860700000001
1000	2300000251	2022	2022-04-12	2022-04-12	User_017	BD87	000001860400000001
1000	2300000252	2022	2022-04-12	2022-04-12	User_017	BD87	000001860400000002
1000	2300000253	2022	2022-04-12	2022-04-12	User_017	BD87	000001860400000003
1000	2300000254	2022	2022-04-12	2022-04-12	User_017	BD87	000001860400000004
1000	2300000255	2022	2022-04-12	2022-04-12	User_017	BD87	000001840700000001
1000	2300000256	2022	2022-04-12	2022-04-12	User_017	BD87	000001840500000001
1000	2300000257	2022	2022-04-12	2022-04-12	User_017	BD87	000001840200000001
1000	2300000258	2022	2022-04-12	2022-04-12	User_017	BD87	000001840100000001
1000	2300000259	2022	2022-04-12	2022-04-12	User_017	BD87	000001792300000001
1000	2300000260	2022	2022-04-12	2022-04-12	User_017	BD87	000001194700000001
1000	2300000261	2022	2022-04-12	2022-04-12	User_017	BD87	000001194900000001
1000	2300000262	2022	2022-04-12	2022-04-12	User_017	BD87	000001782700000001
1000	2300000263	2022	2022-04-12	2022-04-12	User_017	BD87	000001591100000001
1000	2300000264	2022	2022-04-12	2022-04-12	User_017	BD87	000001591100000002
1000	2300000265	2022	2022-04-12	2022-04-12	User_017	BD87	000001604500000001
1000	2300000266	2022	2022-04-12	2022-04-12	User_017	BD87	000001603800000001
1000	2300000267	2022	2022-04-12	2022-04-12	User_017	BD87	000001602200000002
1000	2300000268	2022	2022-04-21	2022-04-21	User_017	/PACG/ECM_COCKPIT	000002553400000001
1000	2300000269	2022	2022-04-29	2022-04-29	User_017	BD87	05000064001000
1000	2300000270	2022	2022-04-29	2022-04-29	User_017	BD87	000001342100000001
1000	2300000271	2022	2022-04-29	2022-04-29	User_017	BD87	05000064021000
1000	2300000272	2022	2022-04-29	2022-04-29	User_017	BD87	000001342100000002
1000	2300000273	2022	2022-04-29	2022-04-29	User_017	BD87	05000064041000
1000	2300000274	2022	2022-04-29	2022-04-29	User_017	BD87	000001342100000003
1000	2300000275	2022	2022-04-29	2022-04-29	User_017	BD87	05000064061000
1000	2300000276	2022	2022-04-29	2022-04-29	User_017	BD87	000001342100000004
1000	2300000277	2022	2022-04-29	2022-04-29	User_017	BD87	05000064081000
1000	2300000278	2022	2022-04-29	2022-04-29	User_017	BD87	000001342100000005
1000	2300000279	2022	2022-04-29	2022-04-29	User_017	BD87	05000064101000
1000	2300000280	2022	2022-04-29	2022-04-29	User_017	BD87	000001342100000006
1000	2300000282	2022	2022-04-29	2022-04-29	User_017	BD87	05000064131000
1000	2300000283	2022	2022-04-29	2022-04-29	User_017	BD87	000001342100000007
1000	2300000284	2022	2022-04-29	2022-04-29	User_017	BD87	05000064151000
1000	2300000285	2022	2022-04-29	2022-04-29	User_017	BD87	000001342100000008
1000	2300000286	2022	2022-04-29	2022-04-29	User_017	BD87	05000064171000
1000	2300000287	2022	2022-04-29	2022-04-29	User_017	BD87	000001342100000009
1000	2300000288	2022	2022-04-29	2022-04-29	User_017	BD87	05000064191000
1000	2300000289	2022	2022-04-29	2022-04-29	User_017	BD87	000001342100000010
1000	2300000290	2022	2022-04-29	2022-04-29	User_017	BD87	05000064211000
1000	2300000291	2022	2022-04-29	2022-04-29	User_017	BD87	000001342100000011
1000	2300000292	2022	2022-04-29	2022-04-29	User_017	BD87	05000064231000
1000	2300000293	2022	2022-04-29	2022-04-29	User_017	BD87	000001342100000012
1000	2300000294	2022	2022-04-29	2022-04-29	User_017	BD87	05000064251000
1000	2300000295	2022	2022-04-29	2022-04-29	User_017	BD87	000001342100000013
1000	2300000296	2022	2022-04-29	2022-04-29	User_017	BD87	05000064271000
1000	2300000297	2022	2022-04-29	2022-04-29	User_017	BD87	000001342100000014
1000	2300000298	2022	2022-04-29	2022-04-29	User_017	BD87	05000064291000
1000	2300000299	2022	2022-04-29	2022-04-29	User_017	BD87	000001342100000015
1000	2300000300	2022	2022-04-29	2022-04-29	User_017	BD87	05000064311000
1000	2300000301	2022	2022-04-29	2022-04-29	User_017	BD87	000001342100000016
1000	2300000302	2022	2022-04-29	2022-04-29	User_017	BD87	05000064331000
1000	2300000303	2022	2022-04-29	2022-04-29	User_017	BD87	000001342100000017
1000	2300000304	2022	2022-04-29	2022-04-29	User_017	BD87	05000064351000
1000	2300000305	2022	2022-04-29	2022-04-29	User_017	BD87	000001342100000018
1000	2300000306	2022	2022-04-29	2022-04-29	User_017	BD87	05000064371000
1000	2300000307	2022	2022-04-29	2022-04-29	User_017	BD87	000001342100000019
1000	2300000308	2022	2022-04-29	2022-04-29	User_017	BD87	05000064391000
1000	2300000309	2022	2022-04-29	2022-04-29	User_017	BD87	000001342100000020
1000	2300000310	2022	2022-04-29	2022-04-29	User_017	BD87	05000064411000
1000	2300000311	2022	2022-04-29	2022-04-29	User_017	BD87	000001342100000021
1000	2300000312	2022	2022-04-29	2022-04-29	User_017	BD87	05000064431000
1000	2300000313	2022	2022-04-29	2022-04-29	User_017	BD87	000001342100000022
1000	2300000314	2022	2022-04-29	2022-04-29	User_017	BD87	05000064451000
1000	2300000315	2022	2022-04-29	2022-04-29	User_017	BD87	000001342100000023
1000	2300000316	2022	2022-04-29	2022-04-29	User_017	BD87	05000064471000
1000	2300000317	2022	2022-04-29	2022-04-29	User_017	BD87	000001342100000024
1000	2300000318	2022	2022-04-29	2022-04-29	User_017	BD87	05000064491000
1000	2300000319	2022	2022-04-29	2022-04-29	User_017	BD87	000001342100000025
1000	2300000320	2022	2022-04-29	2022-04-29	User_017	BD87	05000064511000
1000	2300000321	2022	2022-04-29	2022-04-29	User_017	BD87	000001342100000026
1000	2300000322	2022	2022-04-29	2022-04-29	User_017	BD87	05000064531000
1000	2300000323	2022	2022-04-29	2022-04-29	User_017	BD87	000001342100000027
1000	2300000324	2022	2022-04-29	2022-04-29	User_017	BD87	05000064551000
1000	2300000325	2022	2022-04-29	2022-04-29	User_017	BD87	000001342100000028
1000	2300000326	2022	2022-04-29	2022-04-29	User_017	BD87	05000064571000
1000	2300000327	2022	2022-04-29	2022-04-29	User_017	BD87	000001342100000029
1000	2300000328	2022	2022-04-29	2022-04-29	User_017	BD87	05000064591000
1000	2300000329	2022	2022-04-29	2022-04-29	User_017	BD87	000001342100000030
1000	2300000330	2022	2022-04-29	2022-04-29	User_017	BD87	05000064611000
1000	2300000331	2022	2022-04-29	2022-04-29	User_017	BD87	000001342100000031
1000	2300000332	2022	2022-04-29	2022-04-29	User_017	BD87	05000064631000
1000	2300000333	2022	2022-04-29	2022-04-29	User_017	BD87	000001342100000032
1000	2300000334	2022	2022-04-29	2022-04-29	User_017	BD87	05000064651000
1000	2300000335	2022	2022-04-29	2022-04-29	User_017	BD87	000001342100000033
1000	2300000336	2022	2022-04-29	2022-04-29	User_017	BD87	05000064671000
1000	2300000337	2022	2022-04-29	2022-04-29	User_017	BD87	000001342100000034
1000	2300000338	2022	2022-04-29	2022-04-29	User_017	BD87	05000064691000
1000	2300000339	2022	2022-04-29	2022-04-29	User_017	BD87	000001342100000035
1000	2300000340	2022	2022-04-29	2022-04-29	User_017	BD87	05000064711000
1000	2300000341	2022	2022-04-29	2022-04-29	User_017	BD87	000001342100000036
1000	2300000342	2022	2022-04-29	2022-04-29	User_017	BD87	05000064731000
1000	2300000343	2022	2022-04-29	2022-04-29	User_017	BD87	000001342100000037
1000	2300000344	2022	2022-04-29	2022-04-29	User_017	BD87	05000064751000
1000	2300000345	2022	2022-04-29	2022-04-29	User_017	BD87	000001342100000038
1000	2300000346	2022	2022-04-29	2022-04-29	User_017	BD87	05000064771000
1000	2300000347	2022	2022-04-29	2022-04-29	User_017	BD87	000001342100000039
1000	2300000348	2022	2022-04-29	2022-04-29	User_017	BD87	05000064791000
1000	2300000349	2022	2022-04-29	2022-04-29	User_017	BD87	000001342100000040
1000	2300000350	2022	2022-04-29	2022-04-29	User_017	BD87	05000064811000
1000	2300000351	2022	2022-04-29	2022-04-29	User_017	BD87	000001342100000041
1000	2300000352	2022	2022-04-29	2022-04-29	User_017	BD87	05000064831000
1000	2300000353	2022	2022-04-29	2022-04-29	User_017	BD87	000001342100000042
1000	2300000354	2022	2022-04-29	2022-04-29	User_017	BD87	05000064851000
1000	2300000355	2022	2022-04-29	2022-04-29	User_017	BD87	000001342100000043
1000	2300000356	2022	2022-04-29	2022-04-29	User_017	BD87	05000064871000
1000	2300000357	2022	2022-04-29	2022-04-29	User_017	BD87	000001342100000044
1000	2300000358	2022	2022-04-29	2022-04-29	User_017	BD87	05000064891000
1000	2300000359	2022	2022-04-29	2022-04-29	User_017	BD87	000001342100000045
1000	2300000360	2022	2022-04-29	2022-04-29	User_017	BD87	05000064911000
1000	2300000361	2022	2022-04-29	2022-04-29	User_017	BD87	000001342100000046
1000	2300000362	2022	2022-04-29	2022-04-29	User_017	BD87	05000064931000
1000	2300000363	2022	2022-04-29	2022-04-29	User_017	BD87	000001342100000047
1000	2300000364	2022	2022-04-29	2022-04-29	User_017	BD87	05000064951000
1000	2300000365	2022	2022-04-29	2022-04-29	User_017	BD87	000001342100000048
1000	2300000366	2022	2022-04-29	2022-04-29	User_017	BD87	05000064971000
1000	2300000367	2022	2022-04-29	2022-04-29	User_017	BD87	000001342100000049
1000	2300000368	2022	2022-04-29	2022-04-29	User_017	BD87	05000064991000
1000	2300000369	2022	2022-04-29	2022-04-29	User_017	BD87	000001342100000050
1000	2300000370	2022	2022-04-29	2022-04-29	User_017	BD87	05000065011000
1000	2300000371	2022	2022-04-29	2022-04-29	User_017	BD87	000001342100000051
1000	2300000372	2022	2022-04-29	2022-04-29	User_017	BD87	05000065031000
1000	2300000373	2022	2022-04-29	2022-04-29	User_017	BD87	000001342100000052
1000	2300000374	2022	2022-04-29	2022-04-29	User_017	BD87	05000065051000
1000	2300000375	2022	2022-04-29	2022-04-29	User_017	BD87	000001342100000053
1000	2300000376	2022	2022-04-29	2022-04-29	User_017	BD87	05000065071000
1000	2300000377	2022	2022-04-29	2022-04-29	User_017	BD87	000001342100000054
1000	2300000378	2022	2022-04-29	2022-04-29	User_017	BD87	05000065091000
1000	2300000379	2022	2022-04-29	2022-04-29	User_017	BD87	000001342100000055
1000	2300000380	2022	2022-04-29	2022-04-29	User_017	BD87	05000065111000
1000	2300000381	2022	2022-04-29	2022-04-29	User_017	BD87	000001342100000056
1000	2300000382	2022	2022-04-29	2022-04-29	User_017	BD87	05000065131000
1000	2300000383	2022	2022-04-29	2022-04-29	User_017	BD87	000001342100000057
1000	2300000384	2022	2022-04-29	2022-04-29	User_017	BD87	05000065151000
1000	2300000385	2022	2022-04-29	2022-04-29	User_017	BD87	000001342100000058
1000	2300000386	2022	2022-04-29	2022-04-29	User_017	BD87	05000065171000
1000	2300000387	2022	2022-04-29	2022-04-29	User_017	BD87	000001342100000059
1000	2300000388	2022	2022-04-29	2022-04-29	User_017	BD87	05000065191000
1000	2300000389	2022	2022-04-29	2022-04-29	User_017	BD87	000001342100000060
1000	2300000390	2022	2022-04-29	2022-04-29	User_017	BD87	05000065211000
1000	2300000391	2022	2022-04-29	2022-04-29	User_017	BD87	000001342100000061
1000	2300000392	2022	2022-04-29	2022-04-29	User_017	BD87	05000065231000
1000	2300000393	2022	2022-04-29	2022-04-29	User_017	BD87	000001875100000003
1000	2300000394	2022	2022-04-29	2022-04-29	User_017	BD87	05000065251000
1000	2300000395	2022	2022-04-29	2022-04-29	User_017	BD87	000001874600000002
1000	2300000396	2022	2022-04-29	2022-04-29	User_017	BD87	05000065271000
1000	2300000397	2022	2022-04-29	2022-04-29	User_017	BD87	000001874000000002
1000	2300000398	2022	2022-04-29	2022-04-29	User_017	BD87	05000065291000
1000	2300000399	2022	2022-04-29	2022-04-29	User_017	BD87	000001872400000002
1000	2300000400	2022	2022-04-29	2022-04-29	User_017	BD87	05000065311000
1000	2300000401	2022	2022-04-29	2022-04-29	User_017	BD87	000001792100000001
1000	2300000402	2022	2022-04-29	2022-04-29	User_017	BD87	05000065331000
1000	2300000403	2022	2022-04-29	2022-04-29	User_017	BD87	000001861900000001
1000	2300000404	2022	2022-04-29	2022-04-29	User_017	BD87	05000065351000
1000	2300000405	2022	2022-04-29	2022-04-29	User_017	BD87	000001830800000001
1000	2300000406	2022	2022-04-29	2022-04-29	User_017	BD87	05000065371000
1000	2300000407	2022	2022-04-29	2022-04-29	User_017	BD87	000001871700000002
1000	2300000408	2022	2022-04-29	2022-04-29	User_017	BD87	05000065391000
1000	2300000409	2022	2022-04-29	2022-04-29	User_017	BD87	000001871600000002
1000	2300000410	2022	2022-04-29	2022-04-29	User_017	BD87	05000065411000
1000	2300000411	2022	2022-04-29	2022-04-29	User_017	BD87	000001860400000005
1000	2300000412	2022	2022-04-29	2022-04-29	User_017	BD87	05000065431000
1000	2300000413	2022	2022-04-29	2022-04-29	User_017	BD87	000001840400000001
1000	2300000414	2022	2022-04-29	2022-04-29	User_017	BD87	05000065451000
1000	2300000415	2022	2022-04-29	2022-04-29	User_017	BD87	000001591000000001
1000	2300000416	2022	2022-04-29	2022-04-29	User_017	BD87	05000065471000
1000	2300000417	2022	2022-04-29	2022-04-29	User_017	BD87	000001801600000002
1000	2300000418	2022	2022-04-29	2022-04-29	User_017	BD87	05000065491000
1000	2300000419	2022	2022-04-29	2022-04-29	User_017	BD87	000001800600000003
1000	2300000420	2022	2022-04-29	2022-04-29	User_017	BD87	05000065511000
1000	2300000421	2022	2022-04-29	2022-04-29	User_017	BD87	000001342100000062
1000	2300000422	2022	2022-04-29	2022-04-29	User_017	BD87	05000065531000
1000	2300000423	2022	2022-04-29	2022-04-29	User_017	BD87	000001342100000063
1000	2300000424	2022	2022-04-29	2022-04-29	User_017	BD87	05000065551000
1000	2300000425	2022	2022-04-29	2022-04-29	User_017	BD87	000001342100000064
1000	2300000426	2022	2022-04-29	2022-04-29	User_017	BD87	05000065571000
1000	2300000427	2022	2022-04-29	2022-04-29	User_017	BD87	000001342100000065
1000	2300000428	2022	2022-04-29	2022-04-29	User_017	BD87	05000065591000
1000	2300000429	2022	2022-04-29	2022-04-29	User_017	BD87	000001342100000066
1000	2300000430	2022	2022-04-29	2022-04-29	User_017	BD87	05000065611000
1000	2300000431	2022	2022-04-29	2022-04-29	User_017	BD87	000001342100000067
1000	2300000432	2022	2022-04-29	2022-04-29	User_017	BD87	05000065631000
1000	2300000433	2022	2022-04-29	2022-04-29	User_017	BD87	000001342100000068
1000	2300000434	2022	2022-04-29	2022-04-29	User_017	BD87	05000065651000
1000	2300000435	2022	2022-04-29	2022-04-29	User_017	BD87	000001342100000069
1000	2300000436	2022	2022-04-29	2022-04-29	User_017	BD87	05000065671000
1000	2300000437	2022	2022-04-29	2022-04-29	User_017	BD87	000001342100000070
1000	2300000438	2022	2022-04-29	2022-04-29	User_017	BD87	05000065691000
1000	2300000439	2022	2022-04-29	2022-04-29	User_017	BD87	000001342100000071
1000	2300000440	2022	2022-04-29	2022-04-29	User_017	BD87	05000065711000
1000	2300000441	2022	2022-04-29	2022-04-29	User_017	BD87	000001342100000072
1000	2300000442	2022	2022-04-29	2022-04-29	User_017	BD87	05000065731000
1000	2300000443	2022	2022-04-29	2022-04-29	User_017	BD87	000001342100000073
1000	2300000444	2022	2022-04-29	2022-04-29	User_017	BD87	05000065751000
1000	2300000445	2022	2022-04-29	2022-04-29	User_017	BD87	000001342100000074
1000	2300000446	2022	2022-04-29	2022-04-29	User_017	BD87	05000065771000
1000	2300000447	2022	2022-04-29	2022-04-29	User_017	BD87	000001342100000075
1000	2300000448	2022	2022-04-29	2022-04-29	User_017	BD87	05000065791000
1000	2300000449	2022	2022-04-29	2022-04-29	User_017	BD87	000001342100000076
1000	2300000450	2022	2022-04-29	2022-04-29	User_017	BD87	05000065811000
1000	2300000451	2022	2022-04-29	2022-04-29	User_017	BD87	000001342100000077
1000	2300000452	2022	2022-04-29	2022-04-29	User_017	BD87	05000065831000
1000	2300000453	2022	2022-04-29	2022-04-29	User_017	BD87	000001342100000078
1000	2300000454	2022	2022-04-29	2022-04-29	User_017	BD87	05000065851000
1000	2300000455	2022	2022-04-29	2022-04-29	User_017	BD87	000001342100000079
1000	2300000456	2022	2022-04-29	2022-04-29	User_017	BD87	05000065871000
1000	2300000457	2022	2022-04-29	2022-04-29	User_017	BD87	000001342100000080
1000	2300000458	2022	2022-04-29	2022-04-29	User_017	BD87	05000065891000
1000	2300000459	2022	2022-04-29	2022-04-29	User_017	BD87	000001342100000081
1000	2300000460	2022	2022-04-29	2022-04-29	User_017	BD87	05000065911000
1000	2300000461	2022	2022-04-29	2022-04-29	User_017	BD87	000001342100000082
1000	2300000462	2022	2022-04-29	2022-04-29	User_017	BD87	05000065931000
1000	2300000463	2022	2022-04-29	2022-04-29	User_017	BD87	000001342100000083
1000	2300000464	2022	2022-04-29	2022-04-29	User_017	BD87	05000065951000
1000	2300000465	2022	2022-04-29	2022-04-29	User_017	BD87	000001342100000084
1000	2300000466	2022	2022-04-29	2022-04-29	User_017	BD87	05000065971000
1000	2300000467	2022	2022-04-29	2022-04-29	User_017	BD87	000001342100000085
1000	2300000468	2022	2022-04-29	2022-04-29	User_017	BD87	05000065991000
1000	2300000469	2022	2022-04-29	2022-04-29	User_017	BD87	000001186700000001
1000	2300000470	2022	2022-04-29	2022-04-29	User_017	BD87	05000066011000
1000	2300000471	2022	2022-04-29	2022-04-29	User_017	BD87	000001342100000086
1000	2300000472	2022	2022-04-29	2022-04-29	User_017	BD87	05000066031000
1000	2300000473	2022	2022-04-29	2022-04-29	User_017	BD87	000001186700000002
1000	2300000474	2022	2022-04-29	2022-04-29	User_017	BD87	05000066051000
1000	2300000475	2022	2022-04-29	2022-04-29	User_017	BD87	000001342100000087
1000	2300000476	2022	2022-04-29	2022-04-29	User_017	BD87	05000066071000
1000	2300000477	2022	2022-04-29	2022-04-29	User_017	BD87	000001186700000003
1000	2300000478	2022	2022-04-29	2022-04-29	User_017	BD87	05000066091000
1000	2300000479	2022	2022-04-29	2022-04-29	User_017	BD87	000001342100000088
1000	2300000480	2022	2022-04-29	2022-04-29	User_017	BD87	05000066111000
1000	2300000481	2022	2022-04-29	2022-04-29	User_017	BD87	000001186700000004
1000	2300000482	2022	2022-04-29	2022-04-29	User_017	BD87	05000066131000
1000	2300000483	2022	2022-04-29	2022-04-29	User_017	BD87	000001342100000089
1000	2300000484	2022	2022-04-29	2022-04-29	User_017	BD87	05000066151000
1000	2300000485	2022	2022-04-29	2022-04-29	User_017	BD87	000001186700000005
1000	2300000486	2022	2022-04-29	2022-04-29	User_017	BD87	05000066171000
1000	2300000487	2022	2022-04-29	2022-04-29	User_017	BD87	000001342100000090
1000	2300000489	2022	2022-04-29	2022-04-29	User_017	BD87	05000066201000
1000	2300000490	2022	2022-04-29	2022-04-29	User_017	BD87	000001186700000006
1000	2300000491	2022	2022-04-29	2022-04-29	User_017	BD87	05000066221000
1000	2300000492	2022	2022-04-29	2022-04-29	User_017	BD87	000001342100000091
1000	2300000493	2022	2022-04-29	2022-04-29	User_017	BD87	05000066241000
1000	2300000494	2022	2022-04-29	2022-04-29	User_017	BD87	000001186700000007
1000	2300000495	2022	2022-04-29	2022-04-29	User_017	BD87	05000066261000
1000	2300000496	2022	2022-04-29	2022-04-29	User_017	BD87	000001342100000092
1000	2300000497	2022	2022-04-29	2022-04-29	User_017	BD87	05000066281000
1000	2300000498	2022	2022-04-29	2022-04-29	User_017	BD87	000001186700000008
1000	2300000499	2022	2022-04-29	2022-04-29	User_017	BD87	05000066301000
1000	2300000500	2022	2022-04-29	2022-04-29	User_017	BD87	000001342100000093
1000	2300000501	2022	2022-04-29	2022-04-29	User_017	BD87	05000066321000
1000	2300000502	2022	2022-04-29	2022-04-29	User_017	BD87	000001186700000009
1000	2300000503	2022	2022-04-29	2022-04-29	User_017	BD87	05000066341000
1000	2300000504	2022	2022-04-29	2022-04-29	User_017	BD87	000001342100000094
1000	2300000505	2022	2022-04-29	2022-04-29	User_017	BD87	05000066361000
1000	2300000506	2022	2022-04-29	2022-04-29	User_017	BD87	000001186700000010
1000	2300000507	2022	2022-04-29	2022-04-29	User_017	BD87	05000066381000
1000	2300000508	2022	2022-04-29	2022-04-29	User_017	BD87	000001342100000095
1000	2300000509	2022	2022-04-29	2022-04-29	User_017	BD87	05000066401000
1000	2300000510	2022	2022-04-29	2022-04-29	User_017	BD87	000001186700000011
1000	2300000511	2022	2022-04-29	2022-04-29	User_017	BD87	05000066421000
1000	2300000512	2022	2022-04-29	2022-04-29	User_017	BD87	000001342100000096
1000	2300000513	2022	2022-04-29	2022-04-29	User_017	BD87	05000066441000
1000	2300000514	2022	2022-04-29	2022-04-29	User_017	BD87	000001186700000012
1000	2300000515	2022	2022-04-29	2022-04-29	User_017	BD87	05000066461000
1000	2300000516	2022	2022-04-29	2022-04-29	User_017	BD87	000001342100000097
1000	2300000517	2022	2022-04-29	2022-04-29	User_017	BD87	05000066481000
1000	2300000518	2022	2022-04-29	2022-04-29	User_017	BD87	000001186700000013
1000	2300000519	2022	2022-04-29	2022-04-29	User_017	BD87	05000066501000
1000	2300000520	2022	2022-04-29	2022-04-29	User_017	BD87	000001342100000098
1000	2300000521	2022	2022-04-29	2022-04-29	User_017	BD87	05000066521000
1000	2300000522	2022	2022-04-29	2022-04-29	User_017	BD87	000001186700000014
1000	2300000523	2022	2022-04-29	2022-04-29	User_017	BD87	05000066541000
1000	2300000524	2022	2022-04-29	2022-04-29	User_017	BD87	000001342100000099
1000	2300000525	2022	2022-04-29	2022-04-29	User_017	BD87	05000066561000
1000	2300000526	2022	2022-04-29	2022-04-29	User_017	BD87	000001186700000015
1000	2300000527	2022	2022-04-29	2022-04-29	User_017	BD87	05000066581000
1000	2300000528	2022	2022-04-29	2022-04-29	User_017	BD87	000001342100000100
1000	2300000529	2022	2022-04-29	2022-04-29	User_017	BD87	05000066601000
1000	2300000530	2022	2022-04-29	2022-04-29	User_017	BD87	000001186700000016
1000	2300000531	2022	2022-04-29	2022-04-29	User_017	BD87	05000066621000
1000	2300000532	2022	2022-04-29	2022-04-29	User_017	BD87	000001342100000101
1000	2300000533	2022	2022-04-29	2022-04-29	User_017	BD87	05000066641000
1000	2300000534	2022	2022-04-29	2022-04-29	User_017	BD87	000001186700000017
1000	2300000535	2022	2022-04-29	2022-04-29	User_017	BD87	05000066661000
1000	2300000536	2022	2022-04-29	2022-04-29	User_017	BD87	000001342100000102
1000	2300000537	2022	2022-04-29	2022-04-29	User_017	BD87	05000066681000
1000	2300000538	2022	2022-04-29	2022-04-29	User_017	BD87	000001186700000018
1000	2300000539	2022	2022-04-29	2022-04-29	User_017	BD87	05000066701000
1000	2300000540	2022	2022-04-29	2022-04-29	User_017	BD87	000001342100000103
1000	2300000541	2022	2022-04-29	2022-04-29	User_017	BD87	05000066721000
1000	2300000542	2022	2022-04-29	2022-04-29	User_017	BD87	000001186700000019
1000	2300000543	2022	2022-04-29	2022-04-29	User_017	BD87	05000066741000
1000	2300000544	2022	2022-04-29	2022-04-29	User_017	BD87	000001342100000104
1000	2300000545	2022	2022-04-29	2022-04-29	User_017	BD87	05000066761000
1000	2300000546	2022	2022-04-29	2022-04-29	User_017	BD87	000001186700000020
1000	2300000547	2022	2022-04-29	2022-04-29	User_017	BD87	05000066781000
1000	2300000548	2022	2022-04-29	2022-04-29	User_017	BD87	000001342100000105
1000	2300000549	2022	2022-04-29	2022-04-29	User_017	BD87	05000066801000
1000	2300000550	2022	2022-04-29	2022-04-29	User_017	BD87	000001342100000106
1000	2300000551	2022	2022-04-29	2022-04-29	User_017	BD87	05000066821000
1000	2300000552	2022	2022-04-29	2022-04-29	User_017	BD87	000001342100000107
1000	2300000553	2022	2022-04-29	2022-04-29	User_017	BD87	05000066841000
1000	2300000554	2022	2022-04-29	2022-04-29	User_017	BD87	000001186700000021
1000	2300000555	2022	2022-04-29	2022-04-29	User_017	BD87	05000066861000
1000	2300000556	2022	2022-04-29	2022-04-29	User_017	BD87	000001342100000108
1000	2300000557	2022	2022-04-29	2022-04-29	User_017	BD87	05000066881000
1000	2300000558	2022	2022-04-29	2022-04-29	User_017	BD87	000001186700000022
1000	2300000559	2022	2022-04-29	2022-04-29	User_017	BD87	05000066901000
1000	2300000560	2022	2022-04-29	2022-04-29	User_017	BD87	000001342100000109
1000	2300000561	2022	2022-04-29	2022-04-29	User_017	BD87	05000066921000
1000	2300000562	2022	2022-04-29	2022-04-29	User_017	BD87	000001186700000023
1000	2300000563	2022	2022-04-29	2022-04-29	User_017	BD87	05000066941000
1000	2300000564	2022	2022-04-29	2022-04-29	User_017	BD87	000001342100000110
1000	2300000565	2022	2022-04-29	2022-04-29	User_017	BD87	05000066961000
1000	2300000566	2022	2022-04-29	2022-04-29	User_017	BD87	000001186700000024
1000	2300000567	2022	2022-04-29	2022-04-29	User_017	BD87	05000066981000
1000	2300000568	2022	2022-04-29	2022-04-29	User_017	BD87	000001342100000111
1000	2300000569	2022	2022-04-29	2022-04-29	User_017	BD87	05000067001000
1000	2300000570	2022	2022-04-29	2022-04-29	User_017	BD87	000001186700000025
1000	2300000571	2022	2022-04-29	2022-04-29	User_017	BD87	05000067021000
1000	2300000572	2022	2022-04-29	2022-04-29	User_017	BD87	000001342100000112
1000	2300000573	2022	2022-04-29	2022-04-29	User_017	BD87	05000067041000
1000	2300000574	2022	2022-04-29	2022-04-29	User_017	BD87	000001186700000026
1000	2300000575	2022	2022-04-29	2022-04-29	User_017	BD87	05000067061000
1000	2300000576	2022	2022-04-29	2022-04-29	User_017	BD87	000001342100000113
1000	2300000577	2022	2022-04-29	2022-04-29	User_017	BD87	05000067081000
1000	2300000578	2022	2022-04-29	2022-04-29	User_017	BD87	000001186700000027
1000	2300000579	2022	2022-04-29	2022-04-29	User_017	BD87	05000067101000
1000	2300000580	2022	2022-04-29	2022-04-29	User_017	BD87	000001342100000114
1000	2300000581	2022	2022-04-29	2022-04-29	User_017	BD87	05000067121000
1000	2300000582	2022	2022-04-29	2022-04-29	User_017	BD87	000001186700000028
1000	2300000583	2022	2022-04-29	2022-04-29	User_017	BD87	05000067141000
1000	2300000584	2022	2022-04-29	2022-04-29	User_017	BD87	000001342100000115
1000	2300000585	2022	2022-04-29	2022-04-29	User_017	BD87	05000067161000
1000	2300000586	2022	2022-04-29	2022-04-29	User_017	BD87	000001186700000029
1000	2300000587	2022	2022-04-29	2022-04-29	User_017	BD87	05000067181000
1000	2300000588	2022	2022-04-29	2022-04-29	User_017	BD87	000001342100000116
1000	2300000589	2022	2022-04-29	2022-04-29	User_017	BD87	05000067201000
1000	2300000590	2022	2022-04-29	2022-04-29	User_017	BD87	000001186700000030
1000	2300000591	2022	2022-04-29	2022-04-29	User_017	BD87	05000067221000
1000	2300000592	2022	2022-04-29	2022-04-29	User_017	BD87	000001342100000117
1000	2300000593	2022	2022-04-29	2022-04-29	User_017	BD87	05000067241000
1000	2300000594	2022	2022-04-29	2022-04-29	User_017	BD87	000001186700000031
1000	2300000595	2022	2022-04-29	2022-04-29	User_017	BD87	05000067261000
1000	2300000596	2022	2022-04-29	2022-04-29	User_017	BD87	000001342100000118
1000	2300000597	2022	2022-04-29	2022-04-29	User_017	BD87	05000067281000
1000	2300000598	2022	2022-04-29	2022-04-29	User_017	BD87	000001186700000032
1000	2300000599	2022	2022-04-29	2022-04-29	User_017	BD87	05000067301000
1000	2300000600	2022	2022-04-29	2022-04-29	User_017	BD87	000001186700000033
1000	2300000601	2022	2022-04-29	2022-04-29	User_017	BD87	05000067321000
1000	2300000602	2022	2022-04-29	2022-04-29	User_017	BD87	000001186700000034
1000	2300000603	2022	2022-04-29	2022-04-29	User_017	BD87	05000067341000
1000	2300000604	2022	2022-04-29	2022-04-29	User_017	BD87	000001342100000119
1000	2300000605	2022	2022-04-29	2022-04-29	User_017	BD87	05000067361000
1000	2300000606	2022	2022-04-29	2022-04-29	User_017	BD87	000001186700000035
1000	2300000607	2022	2022-04-29	2022-04-29	User_017	BD87	05000067381000
1000	2300000608	2022	2022-04-29	2022-04-29	User_017	BD87	000001342100000120
1000	2300000609	2022	2022-04-29	2022-04-29	User_017	BD87	05000067401000
1000	2300000610	2022	2022-04-29	2022-04-29	User_017	BD87	000001186700000036
1000	2300000611	2022	2022-04-29	2022-04-29	User_017	BD87	05000067421000
1000	2300000612	2022	2022-04-29	2022-04-29	User_017	BD87	000001342100000121
1000	2300000613	2022	2022-04-29	2022-04-29	User_017	BD87	05000067441000
1000	2300000614	2022	2022-04-29	2022-04-29	User_017	BD87	000001186700000037
1000	2300000615	2022	2022-04-29	2022-04-29	User_017	BD87	05000067461000
1000	2300000616	2022	2022-04-29	2022-04-29	User_017	BD87	000001342100000122
1000	2300000617	2022	2022-04-29	2022-04-29	User_017	BD87	05000067481000
1000	2300000618	2022	2022-04-29	2022-04-29	User_017	BD87	000001186700000038
1000	2300000619	2022	2022-04-29	2022-04-29	User_017	BD87	05000067501000
1000	2300000620	2022	2022-04-29	2022-04-29	User_017	BD87	000001342100000123
1000	2300000621	2022	2022-04-29	2022-04-29	User_017	BD87	05000067521000
1000	2300000622	2022	2022-04-29	2022-04-29	User_017	BD87	000001186700000039
1000	2300000623	2022	2022-04-29	2022-04-29	User_017	BD87	05000067541000
1000	2300000624	2022	2022-04-29	2022-04-29	User_017	BD87	000001342100000124
1000	2300000625	2022	2022-04-29	2022-04-29	User_017	BD87	05000067561000
1000	2300000626	2022	2022-04-29	2022-04-29	User_017	BD87	000001186700000040
1000	2300000627	2022	2022-04-29	2022-04-29	User_017	BD87	05000067581000
1000	2300000628	2022	2022-04-29	2022-04-29	User_017	BD87	000001342100000125
1000	2300000629	2022	2022-04-29	2022-04-29	User_017	BD87	05000067601000
1000	2300000630	2022	2022-04-29	2022-04-29	User_017	BD87	000001186700000041
1000	2300000631	2022	2022-04-29	2022-04-29	User_017	BD87	05000067621000
1000	2300000632	2022	2022-04-29	2022-04-29	User_017	BD87	000001342100000126
1000	2300000633	2022	2022-04-29	2022-04-29	User_017	BD87	05000067641000
1000	2300000634	2022	2022-04-29	2022-04-29	User_017	BD87	000001186700000042
1000	2300000635	2022	2022-04-29	2022-04-29	User_017	BD87	05000067661000
1000	2300000636	2022	2022-04-29	2022-04-29	User_017	BD87	000001342100000127
1000	2300000637	2022	2022-04-29	2022-04-29	User_017	BD87	05000067681000
1000	2300000638	2022	2022-04-29	2022-04-29	User_017	BD87	000001186700000043
1000	2300000639	2022	2022-04-29	2022-04-29	User_017	BD87	05000067701000
1000	2300000640	2022	2022-04-29	2022-04-29	User_017	BD87	000001342100000128
1000	2300000641	2022	2022-04-29	2022-04-29	User_017	BD87	05000067721000
1000	2300000642	2022	2022-04-29	2022-04-29	User_017	BD87	000001186700000044
1000	2300000643	2022	2022-04-29	2022-04-29	User_017	BD87	05000067741000
1000	2300000644	2022	2022-04-29	2022-04-29	User_017	BD87	000001186700000045
1000	2300000645	2022	2022-04-29	2022-04-29	User_017	BD87	05000067761000
1000	2300000646	2022	2022-04-29	2022-04-29	User_017	BD87	000001186700000046
1000	2300000647	2022	2022-04-29	2022-04-29	User_017	BD87	05000067781000
1000	2300000648	2022	2022-04-29	2022-04-29	User_017	BD87	000001342100000129
1000	2300000649	2022	2022-04-29	2022-04-29	User_017	BD87	05000067801000
1000	2300000650	2022	2022-04-29	2022-04-29	User_017	BD87	000001342100000130
1000	2300000651	2022	2022-04-29	2022-04-29	User_017	BD87	05000067821000
1000	2300000652	2022	2022-04-29	2022-04-29	User_017	BD87	000001186700000047
1000	2300000653	2022	2022-04-29	2022-04-29	User_017	BD87	05000067841000
1000	2300000654	2022	2022-04-29	2022-04-29	User_017	BD87	000001342100000131
1000	2300000655	2022	2022-04-29	2022-04-29	User_017	BD87	05000067861000
1000	2300000656	2022	2022-04-29	2022-04-29	User_017	BD87	000001186700000048
1000	2300000657	2022	2022-04-29	2022-04-29	User_017	BD87	05000067881000
1000	2300000658	2022	2022-04-29	2022-04-29	User_017	BD87	000001342100000132
1000	2300000659	2022	2022-04-29	2022-04-29	User_017	BD87	05000067901000
1000	2300000660	2022	2022-04-29	2022-04-29	User_017	BD87	000001186700000049
1000	2300000661	2022	2022-04-29	2022-04-29	User_017	BD87	05000067921000
1000	2300000662	2022	2022-04-29	2022-04-29	User_017	BD87	000001342100000133
1000	2300000663	2022	2022-04-29	2022-04-29	User_017	BD87	05000067941000
1000	2300000664	2022	2022-04-29	2022-04-29	User_017	BD87	000001186700000050
1000	2300000665	2022	2022-04-29	2022-04-29	User_017	BD87	05000067961000
1000	2300000666	2022	2022-04-29	2022-04-29	User_017	BD87	000001342100000134
1000	2300000667	2022	2022-04-29	2022-04-29	User_017	BD87	05000067981000
1000	2300000668	2022	2022-04-29	2022-04-29	User_017	BD87	000001186700000051
1000	2300000669	2022	2022-04-29	2022-04-29	User_017	BD87	05000068001000
1000	2300000670	2022	2022-04-29	2022-04-29	User_017	BD87	000001342100000135
1000	2300000671	2022	2022-04-29	2022-04-29	User_017	BD87	05000068021000
1000	2300000672	2022	2022-04-29	2022-04-29	User_017	BD87	000001186700000052
1000	2300000673	2022	2022-04-29	2022-04-29	User_017	BD87	05000068041000
1000	2300000674	2022	2022-04-29	2022-04-29	User_017	BD87	000001342100000136
1000	2300000675	2022	2022-04-29	2022-04-29	User_017	BD87	05000068061000
1000	2300000676	2022	2022-04-29	2022-04-29	User_017	BD87	000001186700000053
1000	2300000677	2022	2022-04-29	2022-04-29	User_017	BD87	05000068081000
1000	2300000678	2022	2022-04-29	2022-04-29	User_017	BD87	000001342100000137
1000	2300000679	2022	2022-04-29	2022-04-29	User_017	BD87	05000068101000
1000	2300000680	2022	2022-04-29	2022-04-29	User_017	BD87	000001186700000054
1000	2300000681	2022	2022-04-29	2022-04-29	User_017	BD87	05000068121000
1000	2300000682	2022	2022-04-29	2022-04-29	User_017	BD87	000001342100000138
1000	2300000683	2022	2022-04-29	2022-04-29	User_017	BD87	05000068141000
1000	2300000684	2022	2022-04-29	2022-04-29	User_017	BD87	000001186700000055
1000	2300000685	2022	2022-04-29	2022-04-29	User_017	BD87	05000068161000
1000	2300000686	2022	2022-04-29	2022-04-29	User_017	BD87	000001342100000139
1000	2300000687	2022	2022-04-29	2022-04-29	User_017	BD87	05000068181000
1000	2300000688	2022	2022-04-29	2022-04-29	User_017	BD87	000001186700000056
1000	2300000689	2022	2022-04-29	2022-04-29	User_017	BD87	05000068201000
1000	2300000690	2022	2022-04-29	2022-04-29	User_017	BD87	000001342100000140
1000	2300000691	2022	2022-04-29	2022-04-29	User_017	BD87	05000068221000
1000	2300000692	2022	2022-04-29	2022-04-29	User_017	BD87	000001186700000057
1000	2300000693	2022	2022-04-29	2022-04-29	User_017	BD87	05000068241000
1000	2300000694	2022	2022-04-29	2022-04-29	User_017	BD87	000001342100000141
1000	2300000695	2022	2022-04-29	2022-04-29	User_017	BD87	05000068261000
1000	2300000696	2022	2022-04-29	2022-04-29	User_017	BD87	000001186700000058
1000	2300000697	2022	2022-04-29	2022-04-29	User_017	BD87	05000068281000
1000	2300000698	2022	2022-04-29	2022-04-29	User_017	BD87	000001342100000142
1000	2300000699	2022	2022-04-29	2022-04-29	User_017	BD87	05000068301000
1000	2300000700	2022	2022-04-29	2022-04-29	User_017	BD87	000001186700000059
1000	2300000701	2022	2022-04-29	2022-04-29	User_017	BD87	05000068321000
1000	2300000702	2022	2022-04-29	2022-04-29	User_017	BD87	000001342100000143
1000	2300000703	2022	2022-04-29	2022-04-29	User_017	BD87	05000068341000
1000	2300000704	2022	2022-04-29	2022-04-29	User_017	BD87	000001186700000060
1000	2300000705	2022	2022-04-29	2022-04-29	User_017	BD87	05000068361000
1000	2300000706	2022	2022-04-29	2022-04-29	User_017	BD87	000001342100000144
1000	2300000707	2022	2022-04-29	2022-04-29	User_017	BD87	05000068381000
1000	2300000708	2022	2022-04-29	2022-04-29	User_017	BD87	000001186700000061
1000	2300000709	2022	2022-04-29	2022-04-29	User_017	BD87	05000068401000
1000	2300000710	2022	2022-04-29	2022-04-29	User_017	BD87	000001342100000145
1000	2300000711	2022	2022-04-29	2022-04-29	User_017	BD87	05000068421000
1000	2300000712	2022	2022-04-29	2022-04-29	User_017	BD87	000001186700000062
1000	2300000713	2022	2022-04-29	2022-04-29	User_017	BD87	05000068441000
1000	2300000714	2022	2022-04-29	2022-04-29	User_017	BD87	000001342100000146
1000	2300000715	2022	2022-04-29	2022-04-29	User_017	BD87	05000068461000
1000	2300000716	2022	2022-04-29	2022-04-29	User_017	BD87	000001186700000063
1000	2300000717	2022	2022-04-29	2022-04-29	User_017	BD87	05000068481000
1000	2300000718	2022	2022-04-29	2022-04-29	User_017	BD87	000001342100000147
1000	2300000719	2022	2022-04-29	2022-04-29	User_017	BD87	05000068501000
1000	2300000720	2022	2022-04-29	2022-04-29	User_017	BD87	000001186700000064
1000	2300000721	2022	2022-04-29	2022-04-29	User_017	BD87	05000068521000
1000	2300000722	2022	2022-04-29	2022-04-29	User_017	BD87	000001342100000148
1000	2300000723	2022	2022-04-29	2022-04-29	User_017	BD87	05000068541000
1000	2300000724	2022	2022-04-29	2022-04-29	User_017	BD87	000001186700000065
1000	2300000725	2022	2022-04-29	2022-04-29	User_017	BD87	05000068561000
1000	2300000726	2022	2022-04-29	2022-04-29	User_017	BD87	000001342100000149
1000	2300000727	2022	2022-04-29	2022-04-29	User_017	BD87	05000068581000
1000	2300000728	2022	2022-04-29	2022-04-29	User_017	BD87	000001186700000066
1000	2300000729	2022	2022-04-29	2022-04-29	User_017	BD87	05000068601000
1000	2300000730	2022	2022-04-29	2022-04-29	User_017	BD87	000001342100000150
1000	2300000731	2022	2022-04-29	2022-04-29	User_017	BD87	05000068621000
1000	2300000732	2022	2022-04-29	2022-04-29	User_017	BD87	000001186700000067
1000	2300000733	2022	2022-04-29	2022-04-29	User_017	BD87	05000068641000
1000	2300000734	2022	2022-04-29	2022-04-29	User_017	BD87	000001342100000151
1000	2300000735	2022	2022-04-29	2022-04-29	User_017	BD87	05000068661000
1000	2300000736	2022	2022-04-29	2022-04-29	User_017	BD87	000001186700000068
1000	2300000737	2022	2022-04-29	2022-04-29	User_017	BD87	05000068681000
1000	2300000738	2022	2022-04-29	2022-04-29	User_017	BD87	000001342100000152
1000	2300000739	2022	2022-04-29	2022-04-29	User_017	BD87	05000068701000
1000	2300000740	2022	2022-04-29	2022-04-29	User_017	BD87	000001186700000069
1000	2300000741	2022	2022-04-29	2022-04-29	User_017	BD87	05000068721000
1000	2300000742	2022	2022-04-29	2022-04-29	User_017	BD87	000001342100000153
1000	2300000743	2022	2022-04-29	2022-04-29	User_017	BD87	05000068741000
1000	2300000744	2022	2022-04-29	2022-04-29	User_017	BD87	000001186700000070
1000	2300000745	2022	2022-04-29	2022-04-29	User_017	BD87	05000068761000
1000	2300000746	2022	2022-04-29	2022-04-29	User_017	BD87	000001186700000071
1000	2300000747	2022	2022-04-29	2022-04-29	User_017	BD87	05000068781000
1000	2300000748	2022	2022-04-29	2022-04-29	User_017	BD87	000001186700000072
1000	2300000749	2022	2022-04-29	2022-04-29	User_017	BD87	05000068801000
1000	2300000750	2022	2022-04-29	2022-04-29	User_017	BD87	000001342100000154
1000	2300000751	2022	2022-04-29	2022-04-29	User_017	BD87	05000068821000
1000	2300000752	2022	2022-04-29	2022-04-29	User_017	BD87	000001186700000073
1000	2300000753	2022	2022-04-29	2022-04-29	User_017	BD87	05000068841000
1000	2300000754	2022	2022-04-29	2022-04-29	User_017	BD87	000001342100000155
1000	2300000755	2022	2022-04-29	2022-04-29	User_017	BD87	05000068861000
1000	2300000756	2022	2022-04-29	2022-04-29	User_017	BD87	000001186700000074
1000	2300000757	2022	2022-04-29	2022-04-29	User_017	BD87	05000068881000
1000	2300000758	2022	2022-04-29	2022-04-29	User_017	BD87	000001342100000156
1000	2300000759	2022	2022-04-29	2022-04-29	User_017	BD87	05000068901000
1000	2300000760	2022	2022-04-29	2022-04-29	User_017	BD87	000001186700000075
1000	2300000761	2022	2022-04-29	2022-04-29	User_017	BD87	05000068921000
1000	2300000762	2022	2022-04-29	2022-04-29	User_017	BD87	000001342100000157
1000	2300000763	2022	2022-04-29	2022-04-29	User_017	BD87	05000068941000
1000	2300000764	2022	2022-04-29	2022-04-29	User_017	BD87	000001186700000076
1000	2300000765	2022	2022-04-29	2022-04-29	User_017	BD87	05000068961000
1000	2300000766	2022	2022-04-29	2022-04-29	User_017	BD87	000001342100000158
1000	2300000767	2022	2022-04-29	2022-04-29	User_017	BD87	05000068981000
1000	2300000768	2022	2022-04-29	2022-04-29	User_017	BD87	000001186700000077
1000	2300000769	2022	2022-04-29	2022-04-29	User_017	BD87	05000069001000
1000	2300000770	2022	2022-04-29	2022-04-29	User_017	BD87	000001342100000159
1000	2300000771	2022	2022-04-29	2022-04-29	User_017	BD87	05000069021000
1000	2300000772	2022	2022-04-29	2022-04-29	User_017	BD87	000001186700000078
1000	2300000773	2022	2022-04-29	2022-04-29	User_017	BD87	05000069041000
1000	2300000774	2022	2022-04-29	2022-04-29	User_017	BD87	000001342100000160
1000	2300000775	2022	2022-04-29	2022-04-29	User_017	BD87	05000069061000
1000	2300000776	2022	2022-04-29	2022-04-29	User_017	BD87	000001186700000079
1000	2300000777	2022	2022-04-29	2022-04-29	User_017	BD87	05000069081000
1000	2300000778	2022	2022-04-29	2022-04-29	User_017	BD87	000001342100000161
1000	2300000779	2022	2022-04-29	2022-04-29	User_017	BD87	05000069101000
1000	2300000780	2022	2022-04-29	2022-04-29	User_017	BD87	000001186700000080
1000	2300000781	2022	2022-04-29	2022-04-29	User_017	BD87	05000069121000
1000	2300000782	2022	2022-04-29	2022-04-29	User_017	BD87	000001342100000162
1000	2300000783	2022	2022-04-29	2022-04-29	User_017	BD87	05000069141000
1000	2300000784	2022	2022-04-29	2022-04-29	User_017	BD87	000001186700000081
1000	2300000785	2022	2022-04-29	2022-04-29	User_017	BD87	05000069161000
1000	2300000786	2022	2022-04-29	2022-04-29	User_017	BD87	000001342100000163
1000	2300000787	2022	2022-04-29	2022-04-29	User_017	BD87	05000069181000
1000	2300000788	2022	2022-04-29	2022-04-29	User_017	BD87	000001186700000082
1000	2300000789	2022	2022-04-29	2022-04-29	User_017	BD87	05000069201000
1000	2300000790	2022	2022-04-29	2022-04-29	User_017	BD87	000001342100000164
1000	2300000791	2022	2022-04-29	2022-04-29	User_017	BD87	05000069221000
1000	2300000792	2022	2022-04-29	2022-04-29	User_017	BD87	000001186700000083
1000	2300000793	2022	2022-04-29	2022-04-29	User_017	BD87	05000069241000
1000	2300000794	2022	2022-04-29	2022-04-29	User_017	BD87	000001342100000165
1000	2300000795	2022	2022-04-29	2022-04-29	User_017	BD87	05000069261000
1000	2300000796	2022	2022-04-29	2022-04-29	User_017	BD87	000001342100000166
1000	2300000797	2022	2022-04-29	2022-04-29	User_017	BD87	05000069281000
1000	2300000798	2022	2022-04-29	2022-04-29	User_017	BD87	000001342100000167
1000	2300000799	2022	2022-04-29	2022-04-29	User_017	BD87	05000069301000
1000	2300000800	2022	2022-04-29	2022-04-29	User_017	BD87	000001186700000084
1000	2300000801	2022	2022-04-29	2022-04-29	User_017	BD87	05000069321000
1000	2300000802	2022	2022-04-29	2022-04-29	User_017	BD87	000001342100000168
1000	2300000803	2022	2022-04-29	2022-04-29	User_017	BD87	05000069341000
1000	2300000804	2022	2022-04-29	2022-04-29	User_017	BD87	000001186700000085
1000	2300000805	2022	2022-04-29	2022-04-29	User_017	BD87	05000069361000
1000	2300000806	2022	2022-04-29	2022-04-29	User_017	BD87	000001342100000169
1000	2300000807	2022	2022-04-29	2022-04-29	User_017	BD87	05000069381000
1000	2300000808	2022	2022-04-29	2022-04-29	User_017	BD87	000001186700000086
1000	2300000809	2022	2022-04-29	2022-04-29	User_017	BD87	05000069401000
1000	2300000810	2022	2022-04-29	2022-04-29	User_017	BD87	000001342100000170
1000	2300000811	2022	2022-04-29	2022-04-29	User_017	BD87	05000069421000
1000	2300000812	2022	2022-04-29	2022-04-29	User_017	BD87	000001186700000087
1000	2300000813	2022	2022-04-29	2022-04-29	User_017	BD87	05000069441000
1000	2300000814	2022	2022-04-29	2022-04-29	User_017	BD87	000001342100000171
1000	2300000815	2022	2022-04-29	2022-04-29	User_017	BD87	05000069461000
1000	2300000816	2022	2022-04-29	2022-04-29	User_017	BD87	000001186700000088
1000	2300000817	2022	2022-04-29	2022-04-29	User_017	BD87	05000069481000
1000	2300000818	2022	2022-04-29	2022-04-29	User_017	BD87	000001342100000172
1000	2300000819	2022	2022-04-29	2022-04-29	User_017	BD87	05000069501000
1000	2300000820	2022	2022-04-29	2022-04-29	User_017	BD87	000001186700000089
1000	2300000821	2022	2022-04-29	2022-04-29	User_017	BD87	05000069521000
1000	2300000822	2022	2022-04-29	2022-04-29	User_017	BD87	000001342100000173
1000	2300000823	2022	2022-04-29	2022-04-29	User_017	BD87	05000069541000
1000	2300000824	2022	2022-04-29	2022-04-29	User_017	BD87	000001186700000090
1000	2300000825	2022	2022-04-29	2022-04-29	User_017	BD87	05000069561000
1000	2300000826	2022	2022-04-29	2022-04-29	User_017	BD87	000001342100000174
1000	2300000827	2022	2022-04-29	2022-04-29	User_017	BD87	05000069581000
1000	2300000828	2022	2022-04-29	2022-04-29	User_017	BD87	000001186700000091
1000	2300000829	2022	2022-04-29	2022-04-29	User_017	BD87	05000069601000
1000	2300000830	2022	2022-04-29	2022-04-29	User_017	BD87	000001342100000175
1000	2300000831	2022	2022-04-29	2022-04-29	User_017	BD87	05000069621000
1000	2300000832	2022	2022-04-29	2022-04-29	User_017	BD87	000001186700000092
1000	2300000833	2022	2022-04-29	2022-04-29	User_017	BD87	05000069641000
1000	2300000834	2022	2022-04-29	2022-04-29	User_017	BD87	000001342100000176
1000	2300000835	2022	2022-04-29	2022-04-29	User_017	BD87	05000069661000
1000	2300000836	2022	2022-04-29	2022-04-29	User_017	BD87	000001186700000093
1000	2300000837	2022	2022-04-29	2022-04-29	User_017	BD87	05000069681000
1000	2300000838	2022	2022-04-29	2022-04-29	User_017	BD87	000001342100000177
1000	2300000839	2022	2022-04-29	2022-04-29	User_017	BD87	05000069701000
1000	2300000840	2022	2022-04-29	2022-04-29	User_017	BD87	000001186700000094
1000	2300000841	2022	2022-04-29	2022-04-29	User_017	BD87	05000069721000
1000	2300000842	2022	2022-04-29	2022-04-29	User_017	BD87	000001342100000178
1000	2300000843	2022	2022-04-29	2022-04-29	User_017	BD87	05000069741000
1000	2300000844	2022	2022-04-29	2022-04-29	User_017	BD87	000001186700000095
1000	2300000845	2022	2022-04-29	2022-04-29	User_017	BD87	05000069761000
1000	2300000846	2022	2022-04-29	2022-04-29	User_017	BD87	000001186700000096
1000	2300000847	2022	2022-04-29	2022-04-29	User_017	BD87	05000069781000
1000	2300000848	2022	2022-04-29	2022-04-29	User_017	BD87	000001186700000097
1000	2300000849	2022	2022-04-29	2022-04-29	User_017	BD87	05000069801000
1000	2300000850	2022	2022-04-29	2022-04-29	User_017	BD87	000001342100000179
1000	2300000851	2022	2022-04-29	2022-04-29	User_017	BD87	05000069821000
1000	2300000852	2022	2022-04-29	2022-04-29	User_017	BD87	000001186700000098
1000	2300000853	2022	2022-04-29	2022-04-29	User_017	BD87	05000069841000
1000	2300000854	2022	2022-04-29	2022-04-29	User_017	BD87	000001342100000180
1000	2300000855	2022	2022-04-29	2022-04-29	User_017	BD87	05000069861000
1000	2300000856	2022	2022-04-29	2022-04-29	User_017	BD87	000001186700000099
1000	2300000857	2022	2022-04-29	2022-04-29	User_017	BD87	05000069881000
1000	2300000858	2022	2022-04-29	2022-04-29	User_017	BD87	000001342100000181
1000	2300000859	2022	2022-04-29	2022-04-29	User_017	BD87	05000069901000
1000	2300000860	2022	2022-04-29	2022-04-29	User_017	BD87	000001186700000100
1000	2300000861	2022	2022-04-29	2022-04-29	User_017	BD87	05000069921000
1000	2300000862	2022	2022-04-29	2022-04-29	User_017	BD87	000001342100000182
1000	2300000863	2022	2022-04-29	2022-04-29	User_017	BD87	05000069941000
1000	2300000864	2022	2022-04-29	2022-04-29	User_017	BD87	000001186700000101
1000	2300000865	2022	2022-04-29	2022-04-29	User_017	BD87	05000069961000
1000	2300000866	2022	2022-04-29	2022-04-29	User_017	BD87	000001342100000183
1000	2300000867	2022	2022-04-29	2022-04-29	User_017	BD87	05000069981000
1000	2300000868	2022	2022-04-29	2022-04-29	User_017	BD87	000001186700000102
1000	2300000869	2022	2022-04-29	2022-04-29	User_017	BD87	05000070001000
1000	2300000870	2022	2022-04-29	2022-04-29	User_017	BD87	000001342100000184
1000	2300000871	2022	2022-04-29	2022-04-29	User_017	BD87	05000070021000
1000	2300000872	2022	2022-04-29	2022-04-29	User_017	BD87	000001186700000103
1000	2300000873	2022	2022-04-29	2022-04-29	User_017	BD87	05000070041000
1000	2300000874	2022	2022-04-29	2022-04-29	User_017	BD87	000001342100000185
1000	2300000875	2022	2022-04-29	2022-04-29	User_017	BD87	05000070061000
1000	2300000876	2022	2022-04-29	2022-04-29	User_017	BD87	000001186700000104
1000	2300000877	2022	2022-04-29	2022-04-29	User_017	BD87	05000070081000
1000	2300000878	2022	2022-04-29	2022-04-29	User_017	BD87	000001342100000186
1000	2300000879	2022	2022-04-29	2022-04-29	User_017	BD87	05000070101000
1000	2300000880	2022	2022-04-29	2022-04-29	User_017	BD87	000001186700000105
1000	2300000881	2022	2022-04-29	2022-04-29	User_017	BD87	05000070121000
1000	2300000882	2022	2022-04-29	2022-04-29	User_017	BD87	000001342100000187
1000	2300000883	2022	2022-04-29	2022-04-29	User_017	BD87	05000070141000
1000	2300000884	2022	2022-04-29	2022-04-29	User_017	BD87	000001186700000106
1000	2300000885	2022	2022-04-29	2022-04-29	User_017	BD87	05000070161000
1000	2300000886	2022	2022-04-29	2022-04-29	User_017	BD87	000001342100000188
1000	2300000887	2022	2022-04-29	2022-04-29	User_017	BD87	05000070181000
1000	2300000888	2022	2022-04-29	2022-04-29	User_017	BD87	000001186700000107
1000	2300000889	2022	2022-04-29	2022-04-29	User_017	BD87	05000070201000
1000	2300000890	2022	2022-04-29	2022-04-29	User_017	BD87	000001342100000189
1000	2300000891	2022	2022-04-29	2022-04-29	User_017	BD87	05000070221000
1000	2300000892	2022	2022-04-29	2022-04-29	User_017	BD87	000001186700000108
1000	2300000893	2022	2022-04-29	2022-04-29	User_017	BD87	05000070241000
1000	2300000894	2022	2022-04-29	2022-04-29	User_017	BD87	000001342100000190
1000	2300000895	2022	2022-04-29	2022-04-29	User_017	BD87	05000070261000
1000	2300000896	2022	2022-04-29	2022-04-29	User_017	BD87	000001186700000109
1000	2300000897	2022	2022-04-29	2022-04-29	User_017	BD87	05000070281000
1000	2300000898	2022	2022-04-29	2022-04-29	User_017	BD87	000001186700000110
1000	2300000899	2022	2022-04-29	2022-04-29	User_017	BD87	05000070301000
1000	2300000900	2022	2022-04-29	2022-04-29	User_017	BD87	000001186700000111
1000	2300000901	2022	2022-04-29	2022-04-29	User_017	BD87	05000070321000
1000	2300000902	2022	2022-04-29	2022-04-29	User_017	BD87	000001186700000112
1000	2300000903	2022	2022-04-29	2022-04-29	User_017	BD87	05000070341000
1000	2300000904	2022	2022-04-29	2022-04-29	User_017	BD87	000001186700000113
1000	2300000905	2022	2022-04-29	2022-04-29	User_017	BD87	05000070361000
1000	2300000906	2022	2022-04-29	2022-04-29	User_017	BD87	000001186700000114
1000	2300000907	2022	2022-04-29	2022-04-29	User_017	BD87	05000070381000
1000	2300000908	2022	2022-04-29	2022-04-29	User_017	BD87	000001186700000115
1000	2300000909	2022	2022-04-29	2022-04-29	User_017	BD87	05000070401000
1000	2300000910	2022	2022-04-29	2022-04-29	User_017	BD87	000001186700000116
1000	2300000911	2022	2022-04-29	2022-04-29	User_017	BD87	05000070421000
1000	2300000912	2022	2022-04-29	2022-04-29	User_017	BD87	000001186700000117
1000	2300000913	2022	2022-04-29	2022-04-29	User_017	BD87	05000070441000
1000	2300000914	2022	2022-04-29	2022-04-29	User_017	BD87	000001186700000118
1000	2300000915	2022	2022-04-29	2022-04-29	User_017	BD87	05000070461000
1000	2300000916	2022	2022-04-29	2022-04-29	User_017	BD87	000001186700000119
1000	2300000917	2022	2022-04-29	2022-04-29	User_017	BD87	05000070481000
1000	2300000918	2022	2022-04-29	2022-04-29	User_017	BD87	000001186700000120
1000	2300000919	2022	2022-04-29	2022-04-29	User_017	BD87	05000070501000
1000	2300000920	2022	2022-04-29	2022-04-29	User_017	BD87	000001186700000121
1000	2300000921	2022	2022-04-29	2022-04-29	User_017	BD87	05000070521000
1000	2300000922	2022	2022-04-29	2022-04-29	User_017	BD87	000001186700000122
1000	2300000923	2022	2022-04-29	2022-04-29	User_017	BD87	05000070541000
1000	2300000924	2022	2022-04-29	2022-04-29	User_017	BD87	000001186700000123
1000	2300000925	2022	2022-04-29	2022-04-29	User_017	BD87	05000070561000
1000	2300000926	2022	2022-04-29	2022-04-29	User_017	BD87	000001186700000124
1000	2300000927	2022	2022-04-29	2022-04-29	User_017	BD87	05000070581000
1000	2300000928	2022	2022-04-29	2022-04-29	User_017	BD87	000001186700000125
1000	2300000929	2022	2022-04-29	2022-04-29	User_017	BD87	05000070601000
1000	2300000930	2022	2022-04-29	2022-04-29	User_017	BD87	000001186700000126
1000	2300000931	2022	2022-04-29	2022-04-29	User_017	BD87	05000070621000
1000	2300000932	2022	2022-04-29	2022-04-29	User_017	BD87	000001186700000127
1000	2300000933	2022	2022-04-29	2022-04-29	User_017	BD87	05000070641000
1000	2300000934	2022	2022-04-29	2022-04-29	User_017	BD87	000001186700000128
1000	2300000935	2022	2022-04-29	2022-04-29	User_017	BD87	05000070661000
1000	2300000936	2022	2022-04-29	2022-04-29	User_017	BD87	000001186700000129
1000	2300000937	2022	2022-04-29	2022-04-29	User_017	BD87	05000070681000
1000	2300000938	2022	2022-04-29	2022-04-29	User_017	BD87	000001186700000130
1000	2300000939	2022	2022-04-29	2022-04-29	User_017	BD87	05000070701000
1000	2300000940	2022	2022-04-29	2022-04-29	User_017	BD87	000001186700000131
1000	2300000941	2022	2022-04-29	2022-04-29	User_017	BD87	05000070721000
1000	2300000942	2022	2022-04-29	2022-04-29	User_017	BD87	000001186700000132
1000	2300000943	2022	2022-04-29	2022-04-29	User_017	BD87	05000070741000
1000	2300000944	2022	2022-04-29	2022-04-29	User_017	BD87	000001186700000133
1000	2300000945	2022	2022-04-29	2022-04-29	User_017	BD87	05000070761000
1000	2300000946	2022	2022-04-29	2022-04-29	User_017	BD87	000001186700000134
1000	2300000947	2022	2022-04-29	2022-04-29	User_017	BD87	05000070781000
1000	2300000948	2022	2022-04-29	2022-04-29	User_017	BD87	000001186700000135
1000	2300000949	2022	2022-04-29	2022-04-29	User_017	BD87	05000070801000
1000	2300000950	2022	2022-04-29	2022-04-29	User_017	BD87	000001186700000136
1000	2300000951	2022	2022-04-29	2022-04-29	User_017	BD87	05000070821000
1000	2300000952	2022	2022-04-29	2022-04-29	User_017	BD87	000001186700000137
1000	2300000953	2022	2022-04-29	2022-04-29	User_017	BD87	05000070841000
1000	2300000954	2022	2022-04-29	2022-04-29	User_017	BD87	000001186700000138
1000	2300000955	2022	2022-04-29	2022-04-29	User_017	BD87	05000070861000
1000	2300000956	2022	2022-04-29	2022-04-29	User_017	BD87	000001186700000139
1000	2300000957	2022	2022-04-29	2022-04-29	User_017	BD87	05000070881000
1000	2300000958	2022	2022-04-29	2022-04-29	User_017	BD87	000001186700000140
1000	2300000959	2022	2022-04-29	2022-04-29	User_017	BD87	05000070901000
1000	2300000960	2022	2022-04-29	2022-04-29	User_017	BD87	000001186700000141
1000	2300000961	2022	2022-04-29	2022-04-29	User_017	BD87	05000070921000
1000	2300000962	2022	2022-04-29	2022-04-29	User_017	BD87	000001186700000142
1000	2300000963	2022	2022-04-29	2022-04-29	User_017	BD87	05000070941000
1000	2300000964	2022	2022-04-29	2022-04-29	User_017	BD87	000001186700000143
1000	2300000965	2022	2022-04-29	2022-04-29	User_017	BD87	05000070961000
1000	2300000966	2022	2022-04-29	2022-04-29	User_017	BD87	000001186700000144
1000	2300000967	2022	2022-04-29	2022-04-29	User_017	BD87	05000070981000
1000	2300000968	2022	2022-04-29	2022-04-29	User_017	BD87	000001186700000145
1000	2300000969	2022	2022-04-29	2022-04-29	User_017	BD87	05000071001000
1000	2300000970	2022	2022-04-29	2022-04-29	User_017	BD87	000001186700000146
1000	2300000971	2022	2022-04-29	2022-04-29	User_017	BD87	05000071021000
1000	2300000972	2022	2022-04-29	2022-04-29	User_017	BD87	000001186700000147
1000	2300000973	2022	2022-04-29	2022-04-29	User_017	BD87	05000071041000
1000	2300000974	2022	2022-04-29	2022-04-29	User_017	BD87	000001186700000148
1000	2300000975	2022	2022-04-29	2022-04-29	User_017	BD87	05000071061000
1000	2300000976	2022	2022-04-29	2022-04-29	User_017	BD87	000001186700000149
1000	2300000977	2022	2022-04-29	2022-04-29	User_017	BD87	05000071081000
1000	2300000978	2022	2022-04-29	2022-04-29	User_017	BD87	000001186700000150
1000	2300000979	2022	2022-04-29	2022-04-29	User_017	BD87	05000071101000
1000	2300000980	2022	2022-04-29	2022-04-29	User_017	BD87	000001186700000151
1000	2300000981	2022	2022-04-29	2022-04-29	User_017	BD87	05000071121000
1000	2300000982	2022	2022-04-29	2022-04-29	User_017	BD87	000001186700000152
1000	2300000983	2022	2022-04-29	2022-04-29	User_017	BD87	05000071141000
1000	2300000984	2022	2022-04-29	2022-04-29	User_017	BD87	000001186700000153
1000	2300000985	2022	2022-04-29	2022-04-29	User_017	BD87	05000071161000
1000	2300000986	2022	2022-04-29	2022-04-29	User_017	BD87	000001186700000154
1000	2300000987	2022	2022-04-29	2022-04-29	User_017	BD87	05000071181000
1000	2300000988	2022	2022-04-29	2022-04-29	User_017	BD87	000001186700000155
1000	2300000989	2022	2022-04-29	2022-04-29	User_017	BD87	05000071201000
1000	2300000990	2022	2022-04-29	2022-04-29	User_017	BD87	000001186700000156
1000	2300000991	2022	2022-04-29	2022-04-29	User_017	BD87	05000071221000
1000	2300000992	2022	2022-04-29	2022-04-29	User_017	BD87	000001186700000157
1000	2300000993	2022	2022-04-29	2022-04-29	User_017	BD87	05000071241000
1000	2300000994	2022	2022-04-29	2022-04-29	User_017	BD87	000001186700000158
1000	2300000995	2022	2022-04-29	2022-04-29	User_017	BD87	05000071261000
1000	2300000996	2022	2022-04-29	2022-04-29	User_017	BD87	000001186700000159
1000	2300000997	2022	2022-04-29	2022-04-29	User_017	BD87	05000071281000
1000	2300000998	2022	2022-04-29	2022-04-29	User_017	BD87	000001186700000160
1000	2300000999	2022	2022-04-29	2022-04-29	User_017	BD87	05000071301000
1000	2300001000	2022	2022-04-29	2022-04-29	User_017	BD87	000001186700000161
1000	2300001001	2022	2022-04-29	2022-04-29	User_017	BD87	05000071321000
1000	2300001002	2022	2022-04-29	2022-04-29	User_017	BD87	000001186700000162
1000	2300001003	2022	2022-04-29	2022-04-29	User_017	BD87	05000071341000
1000	2300001004	2022	2022-04-29	2022-04-29	User_017	BD87	000001186700000163
1000	2300001005	2022	2022-04-29	2022-04-29	User_017	BD87	05000071361000
1000	2300001006	2022	2022-04-29	2022-04-29	User_017	BD87	000001186700000164
1000	2300001007	2022	2022-04-29	2022-04-29	User_017	BD87	05000071381000
1000	2300001008	2022	2022-04-29	2022-04-29	User_017	BD87	000001186700000165
1000	2300001009	2022	2022-04-29	2022-04-29	User_017	BD87	05000071401000
1000	2300001010	2022	2022-04-29	2022-04-29	User_017	BD87	000001186700000166
1000	2300001011	2022	2022-04-29	2022-04-29	User_017	BD87	05000071421000
1000	2300001012	2022	2022-04-29	2022-04-29	User_017	BD87	000001186700000167
1000	2300001013	2022	2022-04-29	2022-04-29	User_017	BD87	05000071441000
1000	2300001014	2022	2022-04-29	2022-04-29	User_017	BD87	000001186700000168
1000	2300001015	2022	2022-04-29	2022-04-29	User_017	BD87	05000071461000
1000	2300001016	2022	2022-04-29	2022-04-29	User_017	BD87	000001186700000169
1000	2300001017	2022	2022-04-29	2022-04-29	User_017	BD87	05000071481000
1000	2300001018	2022	2022-04-29	2022-04-29	User_017	BD87	000001186700000170
1000	2300001019	2022	2022-04-29	2022-04-29	User_017	BD87	05000071501000
1000	2300001020	2022	2022-04-29	2022-04-29	User_017	BD87	000001186700000171
1000	2300001021	2022	2022-04-29	2022-04-29	User_017	BD87	05000071521000
1000	2300001022	2022	2022-04-29	2022-04-29	User_017	BD87	000001186700000172
1000	2300001023	2022	2022-04-29	2022-04-29	User_017	BD87	05000071541000
1000	2300001024	2022	2022-04-29	2022-04-29	User_017	BD87	000001186700000173
1000	2300001025	2022	2022-04-29	2022-04-29	User_017	BD87	05000071561000
1000	2300001026	2022	2022-04-29	2022-04-29	User_017	BD87	000001186700000174
1000	2300001027	2022	2022-04-29	2022-04-29	User_017	BD87	05000071581000
1000	2300001028	2022	2022-04-29	2022-04-29	User_017	BD87	000001186700000175
1000	2300001029	2022	2022-04-29	2022-04-29	User_017	BD87	05000071601000
1000	2300001030	2022	2022-04-29	2022-04-29	User_017	BD87	000001186700000176
1000	2300001031	2022	2022-04-29	2022-04-29	User_017	BD87	05000071621000
1000	2300001032	2022	2022-04-29	2022-04-29	User_017	BD87	000001186700000177
1000	2300001033	2022	2022-04-29	2022-04-29	User_017	BD87	05000071641000
1000	2300001034	2022	2022-04-29	2022-04-29	User_017	BD87	000001186700000178
1000	2300001035	2022	2022-04-29	2022-04-29	User_017	BD87	05000071661000
1000	2300001036	2022	2022-04-29	2022-04-29	User_017	BD87	000001186700000179
1000	2300001037	2022	2022-04-29	2022-04-29	User_017	BD87	05000071681000
1000	2300001038	2022	2022-04-29	2022-04-29	User_017	BD87	000001186700000180
1000	2300001039	2022	2022-04-29	2022-04-29	User_017	BD87	05000071701000
1000	2300001040	2022	2022-04-29	2022-04-29	User_017	BD87	000001186700000181
1000	2300001041	2022	2022-04-29	2022-04-29	User_017	BD87	05000071721000
1000	2300001042	2022	2022-04-29	2022-04-29	User_017	BD87	000001186700000182
1000	2300001043	2022	2022-04-29	2022-04-29	User_017	BD87	05000071741000
1000	2300001044	2022	2022-04-29	2022-04-29	User_017	BD87	000001186700000183
1000	2300001045	2022	2022-04-29	2022-04-29	User_017	BD87	05000071761000
1000	2300001046	2022	2022-04-29	2022-04-29	User_017	BD87	000001186700000184
1000	2300001047	2022	2022-04-29	2022-04-29	User_017	BD87	05000071781000
1000	2300001048	2022	2022-04-29	2022-04-29	User_017	BD87	000001186700000185
1000	2300001049	2022	2022-04-29	2022-04-29	User_017	BD87	05000071801000
1000	2300001050	2022	2022-04-29	2022-04-29	User_017	BD87	000001186700000186
1000	2300001051	2022	2022-04-29	2022-04-29	User_017	BD87	05000071821000
1000	2300001052	2022	2022-04-29	2022-04-29	User_017	BD87	000001186700000187
1000	2300001053	2022	2022-04-29	2022-04-29	User_017	BD87	05000071841000
1000	2300001054	2022	2022-04-29	2022-04-29	User_017	BD87	000001186700000188
1000	2300001055	2022	2022-04-29	2022-04-29	User_017	BD87	05000071861000
1000	2300001056	2022	2022-04-29	2022-04-29	User_017	BD87	000001186700000189
1000	2300001057	2022	2022-04-29	2022-04-29	User_017	BD87	05000071881000
1000	2300001058	2022	2022-04-29	2022-04-29	User_017	BD87	000001186700000190
1000	2300001060	2022	2022-04-29	2022-04-29	User_017	BD87	05000071911000
1000	2300001061	2022	2022-04-29	2022-04-29	User_017	BD87	000001186700000191
1000	2300001063	2022	2022-04-29	2022-04-29	User_017	BD87	05000071941000
1000	2300001064	2022	2022-04-29	2022-04-29	User_017	BD87	000001342100000191
1000	2300001065	2022	2022-05-03	2022-05-03	User_017	/PACG/ECM_COCKPIT	000001030900000001
1000	2300001066	2022	2022-05-03	2022-05-03	User_004	/PACG/ECM_COCKPIT	000002621500000001
1000	2300001067	2022	2022-05-17	2022-05-17	User_040	IW42	000001931100000001
1000	2300001068	2022	2022-05-31	2022-05-31	User_017	/PACG/ECM_COCKPIT	000002610200000001
1000	2300001070	2022	2022-06-23	2022-06-23	User_041	/PACG/ECM_COCKPIT	05000075011000
1000	2300001071	2022	2022-06-23	2022-06-23	User_041	/PACG/ECM_COCKPIT	000002710100000001
1000	2300001072	2022	2022-06-24	2022-06-24	User_017	IW41	000002720100000001
1000	2300001073	2022	2022-06-24	2022-06-24	User_017	IW41	000002720200000001
1000	2300001074	2022	2022-06-24	2022-06-24	User_017	IW41	000002720100000003
1000	2300001075	2022	2022-06-24	2022-06-24	User_017	IW41	000002720100000004
1000	2300001076	2022	2022-06-24	2022-06-24	User_017	IW41	000002720400000001
1000	2300001077	2022	2022-06-24	2022-06-24	User_017	IW41	000002720500000001
1000	2300001078	2022	2022-06-24	2022-06-24	User_017	IW41	000002720600000001
1000	2300001079	2022	2022-06-24	2022-06-24	User_011	IW41	000002720100000005
1000	2300001084	2022	2022-06-27	2022-06-27	User_041	/PACG/ECM_COCKPIT	000002710200000001
1000	2300001087	2022	2022-06-27	2022-06-27	User_041	/PACG/ECM_COCKPIT	05000077061000
1000	2300001088	2022	2022-06-27	2022-06-27	User_041	/PACG/ECM_COCKPIT	000002710200000002
1000	2300001090	2022	2022-06-27	2022-06-27	User_041	/PACG/ECM_COCKPIT	000002730100000001
1000	2300001097	2022	2022-06-27	2022-06-27	User_042	/PACG/ECM_COCKPIT	05000077161000
1000	2300001098	2022	2022-06-27	2022-06-27	User_042	/PACG/ECM_COCKPIT	000002730100000002
1000	2300001099	2022	2022-06-27	2022-06-27	User_036		000002720200000002
1000	2300001100	2022	2022-06-27	2022-06-27	User_036		05000077191000
1000	2300001101	2022	2022-06-27	2022-06-27	User_036		000002720200000003
1000	2300001102	2022	2022-06-27	2022-06-27	User_017	BD87	000001030900000002
1000	2300001103	2022	2022-06-27	2022-06-27	User_017	BD87	000001030700000001
1000	2300001104	2022	2022-06-27	2022-06-27	User_017	BD87	000001170300000001
1000	2300001105	2022	2022-06-27	2022-06-27	User_017	BD87	000001050100000001
1000	2300001106	2022	2022-06-27	2022-06-27	User_017	BD87	000000732600000001
1000	2300001107	2022	2022-06-27	2022-06-27	User_017	BD87	000000660600000001
1000	2300001108	2022	2022-06-27	2022-06-27	User_017	BD87	000000660100000001
1000	2300001109	2022	2022-06-27	2022-06-27	User_017	BD87	000001031000000001
1000	2300001110	2022	2022-06-27	2022-06-27	User_017	BD87	000001030900000003
1000	2300001111	2022	2022-06-27	2022-06-27	User_017	BD87	000001030700000002
1000	2300001112	2022	2022-06-27	2022-06-27	User_017	BD87	000001170300000002
1000	2300001113	2022	2022-06-27	2022-06-27	User_017	BD87	000002630100000001
1000	2300001114	2022	2022-06-27	2022-06-27	User_017	BD87	000001591600000001
1000	2300001115	2022	2022-06-27	2022-06-27	User_017	BD87	000001591600000002
1000	2300001116	2022	2022-06-27	2022-06-27	User_017	BD87	000001030700000003
1000	2300001117	2022	2022-06-27	2022-06-27	User_017	BD87	000001170300000003
1000	2300001118	2022	2022-06-27	2022-06-27	User_017	BD87	000001050100000002
1000	2300001119	2022	2022-06-27	2022-06-27	User_017	BD87	000000732600000002
1000	2300001120	2022	2022-06-27	2022-06-27	User_017	BD87	000000660600000002
1000	2300001121	2022	2022-06-27	2022-06-27	User_017	BD87	000001030900000004
1000	2300001122	2022	2022-06-27	2022-06-27	User_017	BD87	000001030700000004
1000	2300001123	2022	2022-06-27	2022-06-27	User_017	BD87	000001050100000003
1000	2300001124	2022	2022-06-27	2022-06-27	User_017	BD87	000001170300000004
1000	2300001125	2022	2022-06-27	2022-06-27	User_017	BD87	000000732600000003
1000	2300001126	2022	2022-06-27	2022-06-27	User_017	BD87	000000660600000003
1000	2300001127	2022	2022-06-27	2022-06-27	User_017	BD87	000001031000000002
1000	2300001128	2022	2022-06-27	2022-06-27	User_017	BD87	000000660100000002
1000	2300001129	2022	2022-06-27	2022-06-27	User_036		000002848900000001
1000	2300001130	2022	2022-06-27	2022-06-27	User_036		05000077491000
1000	2300001131	2022	2022-06-27	2022-06-27	User_036		000002848900000002
1000	2300001132	2022	2022-06-27	2022-06-27	User_017	BD87	000001603700000001
1000	2300001133	2022	2022-06-27	2022-06-27	User_017	BD87	000002610100000001
1000	2300001134	2022	2022-06-27	2022-06-27	User_017	BD87	000002620400000001
1000	2300001135	2022	2022-06-27	2022-06-27	User_017	BD87	000002620400000002
1000	2300001136	2022	2022-06-27	2022-06-27	User_017	BD87	000002610600000001
1000	2300001137	2022	2022-06-27	2022-06-27	User_017	BD87	000002610300000001
1000	2300001138	2022	2022-06-27	2022-06-27	User_017	BD87	000002610500000001
1000	2300001139	2022	2022-06-27	2022-06-27	User_017	BD87	000002610400000001
1000	2300001140	2022	2022-06-27	2022-06-27	User_036		000002690100000001
1000	2300001141	2022	2022-06-27	2022-06-27	User_036		000002849200000001
1000	2300001142	2022	2022-06-27	2022-06-30	User_001	KO88	0000001501
1000	2300001143	2022	2022-06-28	2022-06-28	User_036		000001100100000001
1000	2300001144	2022	2022-06-28	2022-06-28	User_017	/PACG/ECM_COCKPIT	000001100100000002
1000	2300001145	2022	2022-06-30	2022-06-30	User_036		000002850200000001
1000	2300001146	2022	2022-07-01	2022-06-30	User_001	KO88	0000001601
1000	2300001147	2022	2022-07-01	2022-06-30	User_001	KO88	0000001602
1000	2300001148	2022	2022-07-01	2022-07-01	User_017	/PACG/ECM_COCKPIT	000002850300000001
1000	2300001149	2022	2022-07-01	2022-07-01	User_036		000001601000000001
1000	2300001150	2022	2022-07-01	2022-07-01	User_036		000000480700000001
1000	2300001151	2022	2022-07-01	2022-07-01	User_036		000002849000000001
1000	2300001152	2022	2022-07-01	2022-07-01	User_036		000001181600000001
1000	2300001153	2022	2022-07-01	2022-07-01	User_036		000001601500000001
1000	2300001154	2022	2022-07-01	2022-07-01	User_036		000001603400000001
1000	2300001155	2022	2022-07-01	2022-07-01	User_036		000000990400000001
1000	2300001156	2022	2022-07-01	2022-07-01	User_036		000000950500000001
1000	2300001157	2022	2022-07-01	2022-07-01	User_036		000002640200000001
1000	2300001158	2022	2022-07-01	2022-07-01	User_036		000002650200000002
1000	2300001159	2022	2022-07-01	2022-07-01	User_036		000002640300000001
1000	2300001160	2022	2022-07-01	2022-07-01	User_036		000002640500000001
1000	2300001161	2022	2022-07-01	2022-07-01	User_036		000002660100000001
1000	2300001162	2022	2022-07-01	2022-07-01	User_036		000002670100000001
1000	2300001163	2022	2022-07-01	2022-07-01	User_036		000002690200000001
1000	2300001164	2022	2022-07-01	2022-07-01	User_036		000002720100000006
1000	2300001165	2022	2022-07-01	2022-07-01	User_036		000002690300000001
1000	2300001166	2022	2022-07-01	2022-07-01	User_036		000002710300000001
1000	2300001167	2022	2022-07-01	2022-07-01	User_036		000002700100000001
1000	2300001168	2022	2022-07-01	2022-07-01	User_036		000002720300000001
1000	2300001169	2022	2022-07-01	2022-07-01	User_036		000002720400000002
1000	2300001170	2022	2022-07-01	2022-07-01	User_036		000000370400000001
1000	2300001171	2022	2022-07-01	2022-07-01	User_036		000000480100000001
1000	2300001172	2022	2022-07-01	2022-07-01	User_036		000000370300000001
1000	2300001173	2022	2022-07-01	2022-07-01	User_036		000000300800000001
1000	2300001174	2022	2022-07-01	2022-07-01	User_036		000000300100000001
1000	2300001175	2022	2022-07-01	2022-07-01	User_036		000000300200000001
1000	2300001176	2022	2022-07-01	2022-07-01	User_036		000002720500000002
1000	2300001177	2022	2022-07-01	2022-07-01	User_036		000000480800000001
1000	2300001178	2022	2022-07-01	2022-07-01	User_036		000002720600000002
1000	2300001179	2022	2022-07-01	2022-07-01	User_036		000000130900000001
1000	2300001180	2022	2022-07-01	2022-07-01	User_036		000000140200000001
1000	2300001181	2022	2022-07-01	2022-07-01	User_036		000000990900000001
1000	2300001182	2022	2022-07-01	2022-07-01	User_036		000001140300000001
1000	2300001183	2022	2022-07-01	2022-07-01	User_036		000000990300000001
1000	2300001184	2022	2022-07-01	2022-07-01	User_036		000001130100000001
1000	2300001185	2022	2022-07-01	2022-07-01	User_036		000001170700000001
1000	2300001186	2022	2022-07-01	2022-07-01	User_036		000000231100000001
1000	2300001187	2022	2022-07-01	2022-07-01	User_036		000000231200000001
1000	2300001188	2022	2022-07-01	2022-07-01	User_036		000000341100000001
1000	2300001189	2022	2022-07-01	2022-07-01	User_036		000000350100000001
1000	2300001190	2022	2022-07-01	2022-07-01	User_036		000002849100000001
1000	2300001191	2022	2022-07-01	2022-07-01	User_036		000002641100000001
1000	2300001192	2022	2022-07-01	2022-07-01	User_036		000000571500000001
1000	2300001193	2022	2022-07-01	2022-07-01	User_036		000000950600000001
1000	2300001194	2022	2022-07-01	2022-07-01	User_036		000002849300000001
1000	2300001195	2022	2022-07-01	2022-07-01	User_036		000001030500000002
1000	2300001196	2022	2022-07-01	2022-07-01	User_036		05000078491000
1000	2300001197	2022	2022-07-01	2022-07-01	User_036		000001030600000003
1000	2300001198	2022	2022-07-01	2022-07-01	User_036		05000078511000
1000	2300001199	2022	2022-07-01	2022-07-01	User_036		000002850400000001
1000	2300001200	2022	2022-07-01	2022-07-01	User_017	/PACG/ECM_COCKPIT	05000078531000
1000	2300001201	2022	2022-07-03	2022-07-03	User_001	IW41	000002850700000001
1000	2300001202	2022	2022-07-03	2022-07-03	User_001	IW41	000002850700000002
1000	2300001203	2022	2022-07-03	2022-07-03	User_001	IW41	000002850700000003
1000	2300001204	2022	2022-07-03	2022-07-03	User_001	IW41	000002850800000001
1000	2300001205	2022	2022-07-03	2022-07-03	User_001	IW41	000002850900000001
1000	2300001206	2022	2022-07-04	2022-07-04	User_017	/PACG/ECM_COCKPIT	000002851000000001
1000	2300001207	2022	2022-07-04	2022-07-04	User_036		05000078601000
1000	2300001208	2022	2022-07-04	2022-07-04	User_036		000002851100000001
1000	2300001209	2022	2022-07-04	2022-07-04	User_036		000002851100000002
1000	2300001210	2022	2022-07-04	2022-07-04	User_036		000002851100000003
1000	2300001211	2022	2022-07-04	2022-07-04	User_036		05000078641000
1000	2300001212	2022	2022-07-04	2022-07-04	User_036		000002851200000001
1000	2300001213	2022	2022-07-04	2022-07-04	User_036		05000078661000
1000	2300001214	2022	2022-07-05	2022-07-05	User_036		000002851300000001
1000	2300001215	2022	2022-07-05	2022-07-05	User_036		05000078681000
1000	2300001216	2022	2022-07-05	2022-07-05	User_036		000002852700000001
1000	2300001217	2022	2022-07-05	2022-07-05	User_036		05000078701000
1000	2300001218	2022	2022-08-01	2022-08-01	User_017	BD87	000001341300000001
1000	2300001219	2022	2022-08-01	2022-08-01	User_017	BD87	000001830400000001
1000	2300001220	2022	2022-08-01	2022-08-01	User_017	BD87	000001271500000001
1000	2300001221	2022	2022-08-01	2022-08-01	User_017	BD87	000001271600000001
1000	2300001222	2022	2022-08-01	2022-08-01	User_017	BD87	000001271600000002
1000	2300001223	2022	2022-08-01	2022-08-01	User_017	BD87	000001271500000002
1000	2300001224	2022	2022-08-01	2022-08-01	User_017	BD87	000001270600000001
1000	2300001225	2022	2022-08-01	2022-08-01	User_017	IW41	000000720400000002
1000	2300001226	2022	2022-08-01	2022-08-01	User_017	BD87	000000720400000003
1000	2300001227	2022	2022-08-01	2022-08-01	User_017	BD87	000001600800000001
1000	2300001228	2022	2022-08-01	2022-08-01	User_017	BD87	000001600800000002
1000	2300001229	2022	2022-08-01	2022-08-01	User_017	BD87	000001600800000003
1000	2300001230	2022	2022-08-01	2022-08-01	User_017	BD87	000001600800000004
1000	2300001231	2022	2022-08-01	2022-08-01	User_017	BD87	000000760000000001
1000	2300001232	2022	2022-08-01	2022-08-01	User_017	BD87	000000760000000002
1000	2300001233	2022	2022-09-14	2022-09-30	User_040	KO88	0000001701
1000	2300001234	2022	2022-09-16	2022-09-16	User_040	IW42	000003260100000001
1000	2300001235	2022	2022-09-16	2022-09-16	User_040	IW42	000003260500000001
1000	2300001236	2022	2022-09-16	2022-09-16	User_040	IW42	000003260600000001
1000	2300001237	2022	2022-09-16	2022-09-30	User_040	KO88	0000001801
1000	2300001238	2022	2022-09-29	2022-09-29	User_040	IW42	000003260200000001
1000	2300001239	2022	2022-09-29	2022-09-29	User_040	IW42	000003300500000001
1000	2300001240	2022	2022-09-29	2022-09-29	User_040	IW42	000003300600000001
1000	2300001241	2022	2022-09-29	2022-09-29	User_040	IW41	000003260200000002
1000	2300001242	2022	2022-09-29	2022-09-29	User_040	IW42	000003260200000003
1000	2300001243	2022	2022-10-05	2022-09-30	User_011		000000250200000002
1000	2300001244	2022	2022-10-18	2022-10-18	User_036		05000083001000
1000	2300001245	2022	2022-10-18	2022-10-18	User_017	/PACG/ECM_COCKPIT	000003340300000001
1000	2300001246	2022	2022-10-20	2022-10-20	User_022	KB21N	05000084001000
1000	2300001247	2022	2022-10-20	2022-10-31	User_022	CJ88	0000001901
1000	2300001248	2022	2022-10-25	2022-10-25	User_043	/PACG/ECM_COCKPIT	05000085001000
1000	2300001249	2022	2022-10-31	2022-10-31	User_036		05000086001000
1000	2300001250	2023	2023-04-04	2023-04-04	User_044	IW44	000003620200000001
1000	2300001251	2023	2023-04-04	2023-04-04	User_044	IW41	000003610600000001
1000	2300001252	2023	2023-04-04	2023-04-04	User_044	IW41	000003610700000001
1000	2300001253	2023	2023-04-04	2023-04-04	User_044	IW41	000003610800000001
1000	2300001254	2023	2023-04-04	2023-04-04	User_044	IW41	000003610900000001
1000	2300001255	2023	2023-04-04	2023-04-30	User_044	KO88	0000002001
1000	2300001256	2023	2023-04-05	2023-04-05	User_044	IW41	000003630300000001
1000	2300001257	2023	2023-04-05	2023-04-30	User_044	KO88	0000002101
1000	2300001258	2023	2023-05-15	2023-05-15	User_045	KB11N	05000089001000
1000	2300001259	2023	2023-05-15	2023-05-15	User_045	KB11N	05000089011000
1000	2300001260	2023	2023-05-25	2023-05-25	User_045	KB11N	05000090001000
1000	2300001261	2023	2023-06-07	2023-06-07	User_044	IW41	000003710200000001
1000	2300001262	2023	2023-06-07	2023-06-07	User_044	IW41	000003710400000001
1000	2300001263	2023	2023-06-07	2023-06-07	User_044	IW41	000003710500000001
1000	2300001264	2023	2023-06-07	2023-06-07	User_044	IW41	000003710600000001
1000	2300001265	2023	2023-06-14	2023-06-14	User_045		03000018001000
1000	2300001266	2023	2023-06-14	2023-06-14	User_038	IW41	000003722300000001
1000	2300001267	2023	2023-06-14	2023-06-14	User_038	IW41	000003722400000001
1000	2300001268	2023	2023-06-20	2023-06-20	User_038	IW41	000003730500000001
1000	2300001269	2024	2024-03-06	2024-03-06	User_044	IW41	000003920200000001
1000	2300001270	2024	2024-03-06	2024-03-06	User_044	IW41	000003920300000001
1000	2300001271	2024	2024-03-06	2024-03-06	User_044	IW41	000003920400000001
1000	2300001272	2024	2024-03-06	2024-03-06	User_044	IW41	000003920500000001
1000	2300001273	2024	2024-03-06	2024-03-31	User_044	KO88	0000002201
1000	2300001274	2024	2024-03-08	2024-03-08	User_044	IW44	000003930700000001
1000	2300001275	2024	2024-03-08	2024-03-08	User_044	IW44	000003930800000001
1000	2300001276	2024	2024-06-27	2024-06-27	User_024	IW42	000004030100000001
1000	2300001277	2024	2024-06-28	2024-06-28	User_024	IW42	000004040100000001
1000	2300001278	2024	2024-06-28	2024-06-28	User_024	IW42	000004040200000001
1000	2300001279	2024	2024-07-31	2024-07-31	User_034		000004160100000002
1000	2300001280	2024	2024-07-31	2024-07-31	User_034		000004160200000002
1000	2300001281	2024	2024-08-07	2024-08-07	User_046		000004190100000001
1000	2300001282	2024	2024-08-07	2024-08-07	User_046		000004190100000002
1000	2300001283	2024	2024-09-03	2024-09-03	User_046		000004240400000002
1000	2300001284	2024	2024-09-03	2024-09-03	User_046		000004240400000003
1000	2300001285	2024	2024-09-03	2024-09-03	User_046		000004240400000004
1000	2300001286	2024	2024-09-03	2024-09-03	User_046		000004240400000005
1000	2300001287	2024	2024-09-18	2024-09-18	User_034	CO11N	000004300700000001
1000	2300001288	2024	2024-09-18	2024-09-18	User_034	CO11N	000004300800000001
1000	2300001289	2024	2024-10-23	2024-10-23	User_047		000004360100000001
1000	2300001290	2024	2024-10-23	2024-10-23	User_047		000004360200000001
1000	2300001291	2024	2024-10-23	2024-10-23	User_047		000004360200000002
1000	2300001292	2024	2024-10-23	2024-10-23	User_047		000004360100000002
1000	2300001294	2024	2024-10-31	2024-10-31	User_048	KB21N	05000103001000
1000	2300001295	2024	2024-11-05	2024-11-05	User_049		000004380100000001
1000	2300001296	2024	2024-11-05	2024-11-05	User_049		000004380200000001
1000	2300001297	2024	2024-11-05	2024-11-05	User_049		000004380200000002
1000	2300001298	2024	2024-11-13	2024-11-13	User_017	/PACG/ECM_COCKPIT2	05000105001000
1000	2300001299	2024	2024-11-14	2024-11-14	User_017		05000106001000
1000	2300001300	2024	2024-11-14	2024-11-14	User_017		000004400100000001
1000	2300001301	2024	2024-11-25	2024-11-25	User_017	IW41	000004440200000001
1000	2300001302	2024	2024-11-25	2024-11-25	User_017	IW41	000004440400000001
1000	2300001303	2024	2024-11-27	2024-11-27	User_050		05000108001000
1000	2300001304	2024	2024-11-27	2024-11-27	User_017	IW41	000004460100000001
1000	2300001305	2024	2024-11-28	2024-11-28	User_017	IW41	000004470200000001
1000	2300001306	2024	2024-12-16	2024-12-16	User_017	IW41	000004480300000001
1000	2300001307	2024	2024-12-16	2024-12-16	User_017	IW41	000004480400000001
1000	2300001308	2024	2024-12-16	2024-12-16	User_017	IW41	000004480500000001
1000	2300001309	2025	2025-01-09	2025-01-09	User_017	IW41	000004540800000001
1000	2300001310	2025	2025-01-09	2025-01-09	User_017	IW41	000004540900000001
1000	2300001311	2025	2025-01-09	2025-01-09	User_017	IW41	000004541000000001
1000	2300001312	2025	2025-01-09	2025-01-09	User_017	IW41	000004541100000001
1000	2300001313	2025	2025-01-09	2025-01-09	User_017	IW41	000004541100000002
1000	2300001314	2025	2025-01-09	2025-01-09	User_017	IW41	000004541100000003
1000	2300001315	2025	2025-01-09	2025-01-09	User_017	IW41	000004541200000001
1000	2300001316	2025	2025-01-09	2025-01-09	User_017	IW41	000004541300000001
1000	2300001317	2025	2025-01-09	2025-01-09	User_017	IW41	000004541600000001
1000	2300001318	2025	2025-01-09	2025-01-09	User_017	IW41	000004541800000001
1000	2300001319	2025	2025-01-09	2025-01-09	User_017	IW41	000004542000000001
1000	2300001320	2025	2025-01-09	2025-01-09	User_017	IW41	000004542100000001
1000	2300001321	2025	2025-02-18	2025-02-18	User_017		000004657300000001
1000	2300001322	2025	2025-02-18	2025-02-18	User_017	/PACG/ECM_COCKPIT2	05000112011000
1000	2300001323	2025	2025-04-24	2025-04-21	User_017	CAT9	000004657500000001
1000	2300001324	2025	2025-05-12	2025-05-12	User_017	IW41	000004731100000001
1000	2300001325	2025	2025-09-03	2025-09-03	User_051	IW42	000005020100000001
1000	2300001326	2025	2025-09-03	2025-09-03	User_051	IW42	000005020100000003
1000	2300001327	2025	2025-10-21	2025-10-21	User_052		000005090100000001
1000	2300001328	2025	2025-10-27	2025-10-27	User_053	CN27	000005110400000001
1000	2300001329	2026	2026-02-27	2026-02-27	User_053	CJ20N	000005070100000001
1000	2300001330	2026	2026-03-04	2026-03-04	User_054	CO11N	000005360400000001
1000	2300001331	2026	2026-03-04	2026-03-04	User_054	CO11N	000005360500000001
1000	4900000000	2019	2019-05-14	2019-05-14	User_001	MIGO_GI	49000000002019
1000	4900000001	2019	2019-05-15	2019-05-15	User_001	MB1A	49000000102019
1000	4900000002	2019	2019-06-18	2019-06-18	User_055	MIGO_GI	49000000202019
1000	4900000003	2019	2019-06-20	2019-06-20	User_001	MB1A	49000000212019
1000	4900000004	2019	2019-06-20	2019-06-20	User_001	MB1A	49000000222019
1000	4900000005	2019	2019-07-10	2019-07-10	User_056	MB1A	49000000302019
1000	4900000006	2019	2019-10-16	2019-10-16	User_041	MB1A	49000000402019
1000	4900000007	2019	2019-11-26	2019-11-26	User_003	MB1A	49000000502019
1000	4900000008	2019	2019-11-26	2019-11-26	User_003	MB1A	49000000512019
1000	4900000009	2019	2019-11-26	2019-11-26	User_003	MB1A	49000000522019
1000	4900000010	2019	2019-11-26	2019-11-26	User_003	MB1A	49000000532019
1000	4900000011	2019	2019-11-26	2019-11-26	User_003	MB1A	49000000542019
1000	4900000012	2019	2019-11-27	2019-11-27	User_004	MB1A	49000000552019
1000	4900000013	2019	2019-11-27	2019-11-27	User_004	MB1A	49000000562019
1000	4900000014	2019	2019-11-27	2019-11-27	User_004	MB1A	49000000572019
1000	4900000015	2019	2019-12-09	2019-12-09	User_004	MB1A	49000000602019
1000	4900000016	2020	2020-01-09	2020-01-09	User_004	MB1A	49000000702020
1000	4900000017	2020	2020-01-20	2020-01-20	User_004	MB1A	49000000712020
1000	4900000018	2020	2020-02-21	2020-02-21	User_004	MB1A	49000000722020
1000	4900000019	2020	2020-02-21	2020-02-21	User_004	MB1A	49000000732020
1000	4900000020	2020	2020-05-20	2020-05-20	User_006	MIGO_GI	49000000802020
1000	4900000021	2020	2020-05-20	2020-05-25	User_006	VL02N	49000000912020
1000	4900000022	2020	2020-05-25	2020-05-25	User_006	VL02N	49000000922020
1000	4900000023	2020	2020-05-26	2020-05-26	User_006	VL02N	49000001012020
1000	4900000024	2020	2020-05-26	2020-05-26	User_006	VL02N	49000001022020
1000	4900000025	2020	2020-05-26	2020-05-26	User_057	MIGO_GI	49000001042020
1000	4900000026	2020	2020-05-26	2020-05-26	User_006	VL02N	49000001052020
1000	4900000027	2020	2020-05-27	2020-05-27	User_006	MB1C	49000001062020
1000	4900000028	2020	2020-05-27	2020-05-27	User_006	MB11	49000001162020
1000	4900000029	2020	2020-05-27	2020-05-27	User_057	VL02N	49000001172020
1000	4900000030	2020	2020-05-27	2020-05-27	User_057	VL02N	49000001182020
1000	4900000031	2020	2020-05-27	2020-05-27	User_057	VL02N	49000001192020
1000	4900000032	2020	2020-05-27	2020-05-27	User_057	VL02N	49000001202020
1000	4900000033	2020	2020-05-27	2020-05-27	User_057	VL02N	49000001212020
1000	4900000034	2020	2020-05-27	2020-05-27	User_057	VL02N	49000001222020
1000	4900000035	2020	2020-05-27	2020-05-27	User_058	MB11	49000001232020
1000	4900000036	2020	2020-05-28	2020-05-28	User_006	VL02N	49000001272020
1000	4900000037	2020	2020-05-29	2020-05-29	User_006	VL02N	49000001402020
1000	4900000038	2020	2020-06-08	2020-06-08	User_006	MIGO_GI	49000001602020
1000	4900000039	2020	2020-06-08	2020-06-08	User_006	MIGO_GI	49000001612020
1000	4900000040	2020	2020-06-08	2020-06-08	User_006	MIGO_GI	49000001622020
1000	4900000041	2020	2020-06-09	2020-06-09	User_006	CO27	49000001702020
1000	4900000042	2020	2020-06-09	2020-06-09	User_006	CO27	49000001712020
1000	4900000043	2020	2020-06-11	2020-06-11	User_006	VL02N	49000001802020
1000	4900000044	2020	2020-07-13	2020-07-13	User_057	MIGO_GI	49000001902020
1000	4900000045	2020	2020-07-14	2020-07-14	User_057	MIGO_GI	49000002002020
1000	4900000046	2020	2020-07-28	2020-07-28	User_009	MIGO_GI	49000002102020
1000	4900000047	2020	2020-07-28	2020-07-28	User_009	MIGO_GI	49000002112020
1000	4900000048	2020	2020-07-30	2020-07-30	User_009	MIGO_GI	49000002122020
1000	4900000049	2020	2020-07-31	2020-07-31	User_057	MIGO_GI	49000002132020
1000	4900000063	2020	2020-08-04	2020-08-04	User_057	MIGO_GI	49000002332020
1000	4900000069	2020	2020-08-10	2020-08-10	User_009	MB11	49000002532020
1000	4900000070	2020	2020-08-11	2020-08-11	User_009	MB11	49000002642020
1000	4900000071	2020	2020-08-13	2020-08-13	User_009	MB11	49000002702020
1000	4900000072	2020	2020-08-13	2020-08-13	User_009	MB11	49000002712020
1000	4900000073	2020	2020-08-13	2020-08-13	User_009	MIGO_GI	49000002722020
1000	4900000074	2020	2020-08-13	2020-08-13	User_009	MIGO_GI	49000002732020
1000	4900000075	2020	2020-08-13	2020-08-13	User_009	MIGO_GI	49000002742020
1000	4900000076	2020	2020-08-14	2020-08-14	User_025	MIGO_GI	49000002802020
1000	4900000077	2020	2020-08-14	2020-08-14	User_025	IW41	49000002812020
1000	4900000078	2020	2020-08-17	2020-08-17	User_041	MB1A	49000002902020
1000	4900000079	2020	2020-08-17	2020-08-17	User_004	MIGO_GI	49000002912020
1000	4900000080	2020	2020-08-17	2020-08-17	User_041	MB1A	49000002922020
1000	4900000081	2020	2020-08-17	2020-08-17	User_004	MIGO_GI	49000002932020
1000	4900000082	2020	2020-08-17	2020-08-17	User_041	MB1A	49000002942020
1000	4900000083	2020	2020-08-17	2020-08-17	User_041	MB1A	49000002952020
1000	4900000084	2020	2020-08-17	2020-08-17	User_041	MIGO_GI	49000002962020
1000	4900000085	2020	2020-08-17	2020-08-17	User_041	MIGO_GI	49000002972020
1000	4900000086	2020	2020-08-17	2020-08-17	User_041	MB1A	49000002982020
1000	4900000088	2020	2020-08-17	2020-08-17	User_041	MB11	49000003002020
1000	4900000089	2020	2020-08-17	2020-08-17	User_025	MIGO_GI	49000003012020
1000	4900000090	2020	2020-08-17	2020-08-17	User_041	MB1A	49000003022020
1000	4900000091	2020	2020-08-17	2020-08-17	User_041	MB11	49000003032020
1000	4900000092	2020	2020-08-17	2020-08-17	User_041	MB1A	49000003042020
1000	4900000093	2020	2020-08-17	2020-08-17	User_041	MB11	49000003052020
1000	4900000094	2020	2020-08-17	2020-08-17	User_041	MB1A	49000003062020
1000	4900000095	2020	2020-08-17	2020-08-17	User_041	MB11	49000003072020
1000	4900000096	2020	2020-08-17	2020-08-17	User_041	MB1A	49000003082020
1000	4900000097	2020	2020-08-17	2020-08-17	User_041	MB11	49000003092020
1000	4900000098	2020	2020-08-18	2020-08-18	User_025	MIGO_GI	49000003102020
1000	4900000099	2020	2020-08-18	2020-08-18	User_025	MIGO_GI	49000003112020
1000	4900000100	2020	2020-08-18	2020-08-18	User_025	MIGO_GI	49000003122020
1000	4900000101	2020	2020-08-18	2020-08-18	User_025	MIGO_GI	49000003132020
1000	4900000102	2020	2020-08-18	2020-08-18	User_025	MIGO_GI	49000003142020
1000	4900000103	2020	2020-08-19	2020-08-19	User_009	MIGO_GI	49000003202020
1000	4900000104	2020	2020-08-19	2020-08-19	User_009	MB1A	49000003222020
1000	4900000105	2020	2020-08-19	2020-08-19	User_009	MB11	49000003232020
1000	4900000106	2020	2020-08-19	2020-08-19	User_025	MB11	49000003242020
1000	4900000107	2020	2020-08-19	2020-08-19	User_025	MB11	49000003252020
1000	4900000108	2020	2020-08-20	2020-08-20	User_009	MB11	49000003302020
1000	4900000109	2020	2020-08-20	2020-08-20	User_009	MB11	49000003312020
1000	4900000110	2020	2020-08-20	2020-08-20	User_009	MB11	49000003322020
1000	4900000111	2020	2020-08-20	2020-08-20	User_009	MIGO_GI	49000003332020
1000	4900000112	2020	2020-08-20	2020-08-20	User_009	MIGO_GI	49000003342020
1000	4900000113	2020	2020-08-25	2020-08-25	User_024	MB1C	49000003402020
1000	4900000114	2020	2020-08-26	2020-08-26	User_024	MIGO_GI	49000003502020
1000	4900000115	2020	2020-08-26	2020-08-26	User_008	CO27	49000003512020
1000	4900000116	2020	2020-08-26	2020-08-26	User_008	MIGO_GI	49000003522020
1000	4900000117	2020	2020-08-26	2020-08-26	User_008	MIGO_GI	49000003532020
1000	4900000118	2020	2020-08-26	2020-08-26	User_008	CO27	49000003542020
1000	4900000119	2020	2020-08-27	2020-08-27	User_025	MIGO_GI	49000003602020
1000	4900000120	2020	2020-08-27	2020-08-27	User_025	MIGO_GI	49000003612020
1000	4900000121	2020	2020-08-31	2020-08-31	User_025	MIGO_GI	49000003622020
1000	4900000122	2020	2020-09-01	2020-09-01	User_025	MB1A	49000003702020
1000	4900000123	2020	2020-08-27	2020-08-31	User_025	MI07	49000003802020
1000	4900000124	2020	2020-09-11	2020-09-11	User_025	MB1A	49000003922020
1000	4900000125	2020	2020-09-14	2020-09-14	User_029	MIGO_GI	49000004002020
1000	4900000126	2020	2020-09-17	2020-09-17	User_029	MIGO_GI	49000004102020
1000	4900000127	2020	2020-09-17	2020-09-17	User_029	MIGO_GI	49000004112020
1000	4900000128	2020	2020-09-18	2020-09-18	User_029	MIGO_GI	49000004202020
1000	4900000129	2020	2020-10-28	2020-10-28	User_010	MB1A	49000004302020
1000	4900000130	2020	2020-10-28	2020-10-28	User_001	MIGO_GI	49000004312020
1000	4900000131	2020	2020-10-28	2020-10-28	User_001	MIGO_TR	49000004322020
1000	4900000132	2020	2020-10-28	2020-10-28	User_001	MIGO_GI	49000004332020
1000	4900000133	2020	2020-11-01	2020-10-31	User_001	MB1B	49000004402020
1000	4900000134	2020	2020-11-01	2020-11-01	User_001	MIGO_TR	49000004412020
1000	4900000135	2020	2020-11-02	2020-11-02	User_001	MB1B	49000004422020
1000	4900000136	2020	2020-11-25	2020-11-25	User_028	MIGO_GI	49000004502020
1000	4900000137	2020	2020-11-25	2020-11-25	User_028	MIGO_GI	49000004512020
1000	4900000138	2020	2020-11-25	2020-11-25	User_028	CO27	49000004522020
1000	4900000139	2020	2020-11-30	2020-11-30	User_059	MIGO_GI	49000004602020
1000	4900000140	2020	2020-12-03	2020-12-03	User_017	MB1A	49000004702020
1000	4900000141	2020	2020-12-03	2020-12-03	User_017	MB1A	49000004712020
1000	4900000142	2020	2020-12-03	2020-12-03	User_017	MB1A	49000004722020
1000	4900000143	2020	2020-12-03	2020-12-03	User_017	MB1A	49000004732020
1000	4900000144	2020	2020-12-03	2020-12-03	User_017	MB1A	49000004742020
1000	4900000145	2020	2020-12-03	2020-12-03	User_017	MB1A	49000004752020
1000	4900000146	2020	2020-12-04	2020-12-04	User_017	MB1A	49000004802020
1000	4900000147	2020	2020-12-04	2020-12-04	User_017	MB1A	49000004812020
1000	4900000148	2020	2020-12-22	2020-12-22	User_028	CO27	49000004902020
1000	4900000149	2020	2020-12-23	2020-12-23	User_028	CO27	49000005002020
1000	4900000150	2020	2020-12-31	2020-12-31	User_059	MIGO_GI	49000005102020
1000	4900000151	2021	2021-01-26	2021-01-26	User_033	MB1A	49000005202021
1000	4900000152	2021	2021-01-26	2021-01-26	User_033	MB1A	49000005212021
1000	4900000153	2021	2021-01-26	2021-01-26	User_060	MB1A	49000005222021
1000	4900000154	2021	2021-01-27	2021-01-27	User_030	MB1C	49000005302021
1000	4900000155	2021	2021-01-28	2021-01-28	User_030	COGI	49000005402021
1000	4900000156	2021	2021-01-28	2021-01-28	User_030	COGI	49000005412021
1000	4900000157	2021	2021-01-29	2021-01-29	User_031	MB1A	49000005502021
1000	4900000158	2021	2021-01-29	2021-01-29	User_031	MB1A	49000005512021
1000	4900000159	2021	2021-01-29	2021-01-29	User_031	MB1A	49000005522021
1000	4900000160	2021	2021-01-29	2021-01-29	User_031	MB1A	49000005532021
1000	4900000161	2021	2021-02-01	2021-02-01	User_030	MIGO_GI	49000005602021
1000	4900000162	2021	2021-02-02	2021-02-02	User_030	COGI	49000005612021
1000	4900000163	2021	2021-02-02	2021-02-02	User_030	MI07	49000005622021
1000	4900000164	2021	2021-02-02	2021-02-02	User_030	MIGO_GI	49000005632021
1000	4900000165	2021	2021-02-03	2021-02-03	User_025	MIGO_GI	49000005642021
1000	4900000166	2021	2021-02-04	2021-02-04	User_030	MIGO_GI	49000005652021
1000	4900000167	2021	2021-02-04	2021-02-04	User_030	MIGO_GI	49000005662021
1000	4900000168	2021	2021-02-04	2021-02-04	User_030	MIGO_GI	49000005672021
1000	4900000169	2021	2021-02-04	2021-02-04	User_031	MB1A	49000005682021
1000	4900000170	2021	2021-02-04	2021-02-04	User_031	MB1A	49000005692021
1000	4900000171	2021	2021-02-05	2021-02-05	User_002	MIGO_GI	49000005702021
1000	4900000172	2021	2021-02-10	2021-02-10	User_030	MB11	49000005802021
1000	4900000173	2021	2021-02-10	2021-02-10	User_030	MB11	49000005812021
1000	4900000174	2021	2021-02-10	2021-02-10	User_030	MB11	49000005822021
1000	4900000175	2021	2021-02-10	2021-02-10	User_030	MB11	49000005832021
1000	4900000176	2021	2021-02-10	2021-02-10	User_030	MB11	49000005842021
1000	4900000177	2021	2021-02-10	2021-02-10	User_030	MB11	49000005852021
1000	4900000178	2021	2021-02-10	2021-02-10	User_030	MB11	49000005862021
1000	4900000179	2021	2021-02-11	2021-02-11	User_002	MIGO_GI	49000005872021
1000	4900000180	2021	2021-02-11	2021-02-11	User_002	MIGO_GI	49000005882021
1000	4900000181	2021	2021-02-11	2021-02-11	User_002	MIGO_GI	49000005892021
1000	4900000182	2021	2021-02-11	2021-02-11	User_002	MIGO_GI	49000005902021
1000	4900000183	2021	2021-02-11	2021-02-11	User_002	MIGO_GI	49000005912021
1000	4900000184	2021	2021-02-11	2021-02-11	User_002	MIGO_GI	49000005922021
1000	4900000185	2021	2021-02-11	2021-02-11	User_002	CO1F	49000005932021
1000	4900000186	2021	2021-02-11	2021-02-11	User_002	COGI	49000005942021
1000	4900000187	2021	2021-02-11	2021-02-11	User_002	COGI	49000005952021
1000	4900000188	2021	2021-02-11	2021-02-11	User_001	MIGO_GI	49000005982021
1000	4900000189	2021	2021-02-11	2021-02-11	User_001	VL02N	49000005992021
1000	4900000190	2021	2021-02-11	2021-02-11	User_001	MIGO_GI	49000006002021
1000	4900000191	2021	2021-02-11	2021-02-11	User_001	VL02N	49000006012021
1000	4900000192	2021	2021-02-11	2021-02-11	User_002	CO13	49000006022021
1000	4900000193	2021	2021-02-11	2021-02-11	User_002	CO13	49000006022021
1000	4900000194	2021	2021-02-14	2021-02-14	User_002	VL02N	49000006032021
1000	4900000195	2021	2021-02-14	2021-02-14	User_002	MIGO_GI	49000006042021
1000	4900000196	2021	2021-02-17	2021-02-17	User_002	CO19	49000006052021
1000	4900000197	2021	2021-02-17	2021-02-17	User_002	CO19	49000006062021
1000	4900000198	2021	2021-02-23	2021-02-23	User_001	MIGO_GI	49000006102021
1000	4900000199	2021	2021-02-23	2021-02-23	User_001	MIGO_GI	49000006112021
1000	4900000200	2021	2021-04-13	2021-04-13	User_034	MB1C	49000006202021
1000	4900000201	2021	2021-04-13	2021-04-13	User_034	MB1C	49000006212021
1000	4900000202	2021	2021-04-15	2021-04-15	User_025	MIGO_GI	49000006222021
1000	4900000203	2021	2021-04-15	2021-04-15	User_025	MIGO_GI	49000006232021
1000	4900000204	2021	2021-05-21	2021-04-21	User_032	MIGO_GI	49000006302021
1000	4900000205	2021	2021-05-21	2021-04-21	User_032	MIGO_GI	49000006312021
1000	4900000206	2021	2021-05-21	2021-05-21	User_032	MIGO_GI	49000006322021
1000	4900000207	2021	2021-05-25	2021-05-25	User_032	CO27	49000006402021
1000	4900000208	2021	2021-06-02	2021-06-02	User_032	MIGO_GI	49000006502021
1000	4900000209	2021	2021-06-07	2021-06-07	User_011	MB11	49000006602021
1000	4900000210	2021	2021-06-08	2021-06-08	User_011	MB11	49000006702021
1000	4900000211	2021	2021-06-08	2021-06-08	User_011	MIGO_GI	49000006712021
1000	4900000212	2021	2021-06-08	2021-06-08	User_011	MB11	49000006722021
1000	4900000213	2021	2021-06-08	2021-06-08	User_011	MB11	49000006732021
1000	4900000214	2021	2021-06-08	2021-06-08	User_011	MIGO_GI	49000006742021
1000	4900000215	2021	2021-06-08	2021-06-08	User_011	MB11	49000006752021
1000	4900000216	2021	2021-06-08	2021-06-08	User_011	MIGO_GI	49000006762021
1000	4900000217	2021	2021-06-10	2021-06-10	User_011	MIGO_GI	49000006802021
1000	4900000218	2021	2021-06-10	2021-06-10	User_011	MB11	49000006812021
1000	4900000219	2021	2021-06-10	2021-06-10	User_011	MIGO_GI	49000006822021
1000	4900000220	2021	2021-06-10	2021-06-10	User_011	MB11	49000006832021
1000	4900000221	2021	2021-06-15	2021-06-15	User_011	MIGO_GI	49000006902021
1000	4900000222	2021	2021-06-15	2021-06-15	User_011	MB11	49000006912021
1000	4900000223	2021	2021-06-15	2021-06-15	User_011	MIGO_GI	49000006922021
1000	4900000224	2021	2021-06-15	2021-06-15	User_011	MB11	49000006932021
1000	4900000225	2021	2021-08-05	2021-07-01	User_061	MIGO_GI	49000007102021
1000	4900000226	2021	2021-08-17	2021-08-17	User_025	MIGO_GI	49000007112021
1000	4900000227	2021	2021-09-15	2021-09-15	User_034	MIGO_GI	49000007202021
1000	4900000228	2021	2021-09-24	2021-09-24	User_034	MB1C	49000007302021
1000	4900000229	2021	2021-09-24	2021-09-24	User_034	MB1C	49000007312021
1000	4900000230	2021	2021-09-24	2021-09-24	User_034	MB1C	49000007322021
1000	4900000231	2021	2021-09-24	2021-09-24	User_034	MB1C	49000007332021
1000	4900000232	2021	2021-09-24	2021-09-24	User_034	MB1C	49000007342021
1000	4900000233	2021	2021-09-24	2021-09-24	User_034	MB1C	49000007352021
1000	4900000234	2021	2021-10-05	2021-10-05	User_060	MB1A	49000007402021
1000	4900000235	2021	2021-10-05	2021-10-05	User_039	MB1A	49000007412021
1000	4900000236	2021	2021-10-14	2021-10-14	User_035	MB1A	49000007502021
1000	4900000237	2021	2021-10-25	2021-10-25	User_011	MIGO_GI	49000007702021
1000	4900000238	2021	2021-10-25	2021-10-25	User_011	MIGO_GI	49000007712021
1000	4900000239	2021	2021-10-25	2021-10-25	User_011	MB11	49000007722021
1000	4900000240	2021	2021-10-25	2021-10-25	User_011	MIGO_GI	49000007732021
1000	4900000241	2021	2021-10-25	2021-10-25	User_011	MB11	49000007742021
1000	4900000242	2021	2021-11-22	2021-11-22	User_031	MB1A	49000007802021
1000	4900000243	2021	2021-11-22	2021-11-22	User_031	MB1A	49000007812021
1000	4900000244	2021	2021-11-23	2021-11-23	User_031	MB1A	49000007902021
1000	4900000245	2021	2021-12-15	2021-12-15	User_011	MB1C	49000008002021
1000	4900000246	2021	2021-12-15	2021-12-15	User_011	MB1C	49000008012021
1000	4900000247	2021	2021-12-15	2021-12-15	User_011	MB1C	49000008022021
1000	4900000248	2021	2021-12-15	2021-12-15	User_011	MB1C	49000008032021
1000	4900000249	2021	2021-12-15	2021-12-15	User_037	MB1C	49000008042021
1000	4900000250	2021	2021-12-15	2021-12-15	User_037	MB1C	49000008052021
1000	4900000251	2021	2021-12-17	2021-12-17	User_059	MB1C	49000008062021
1000	4900000252	2021	2021-12-19	2021-12-19	User_036	MB1C	49000008072021
1000	4900000253	2021	2021-12-19	2021-12-19	User_036	MB1C	49000008082021
1000	4900000254	2021	2021-12-20	2021-12-20	User_036	MB1C	49000008092021
1000	4900000255	2022	2022-02-07	2022-02-07	User_038	MIGO_GI	49000008102022
1000	4900000256	2022	2022-02-09	2022-02-09	User_059	MB1C	49000008202022
1000	4900000257	2022	2022-02-09	2022-02-09	User_059	MB1C	49000008212022
1000	4900000258	2022	2022-02-09	2022-02-09	User_059	MB1C	49000008222022
1000	4900000259	2022	2022-02-09	2022-02-09	User_059	MB1C	49000008232022
1000	4900000260	2022	2022-02-09	2022-02-09	User_059	MB1C	49000008242022
1000	4900000261	2022	2022-02-09	2022-02-09	User_059	MIGO_GI	49000008252022
1000	4900000262	2022	2022-02-09	2022-02-09	User_059	MB1C	49000008262022
1000	4900000263	2022	2022-02-09	2022-02-09	User_059	MB1C	49000008272022
1000	4900000264	2022	2022-02-09	2022-02-09	User_036	MB1C	49000008302022
1000	4900000265	2022	2022-02-09	2022-02-09	User_059	MB1C	49000008312022
1000	4900000266	2022	2022-02-15	2022-02-15	User_059	MIGO_GI	49000008412022
1000	4900000267	2022	2022-02-15	2022-02-15	User_059	MIGO_GI	49000008422022
1000	4900000268	2022	2022-02-15	2022-02-15	User_059	MIGO_GI	49000008442022
1000	4900000269	2022	2022-02-15	2022-02-15	User_032	MIGO_GI	49000008452022
1000	4900000270	2022	2022-02-15	2022-02-15	User_059	MIGO_GI	49000008462022
1000	4900000271	2022	2022-02-15	2022-02-15	User_059	MIGO_GI	49000008472022
1000	4900000272	2022	2022-02-15	2022-02-15	User_059	MIGO_GI	49000008502022
1000	4900000273	2022	2022-02-15	2022-02-15	User_059	MIGO_GI	49000008512022
1000	4900000274	2022	2022-02-17	2022-02-17	User_038	MIGO_GI	49000008602022
1000	4900000275	2022	2022-02-17	2022-02-17	User_038	MIGO_GI	49000008612022
1000	4900000276	2022	2022-02-21	2022-02-21	User_038	MIGO_GI	49000008702022
1000	4900000277	2022	2022-02-21	2022-02-21	User_036	MB1C	49000008712022
1000	4900000278	2022	2022-02-23	2022-02-23	User_036	MB1C	49000008802022
1000	4900000279	2022	2022-02-21	2022-02-21	User_036	MB1C	49000008812022
1000	4900000280	2022	2022-02-23	2022-02-23	User_036	MB1C	49000008822022
1000	4900000281	2022	2022-03-04	2022-03-04	User_039	MIGO_GI	49000008902022
1000	4900000282	2022	2022-03-04	2022-03-04	User_039	MB1A	49000008912022
1000	4900000283	2022	2022-03-07	2022-03-07	User_036	MB1C	49000009002022
1000	4900000284	2022	2022-03-07	2022-03-07	User_036	MB1C	49000009012022
1000	4900000285	2022	2022-03-04	2022-03-04	User_036	MB1C	49000009022022
1000	4900000286	2022	2022-03-04	2022-03-04	User_036	MB1C	49000009032022
1000	4900000287	2022	2022-03-07	2022-03-07	User_036	MB1C	49000009042022
1000	4900000288	2022	2022-03-09	2022-03-09	User_036	MB1C	49000009102022
1000	4900000289	2022	2022-03-09	2022-03-09	User_036	MB1C	49000009112022
1000	4900000290	2022	2022-03-09	2022-03-09	User_036	MB1C	49000009122022
1000	4900000291	2022	2022-03-14	2022-03-14	User_036	MB1C	49000009202022
1000	4900000292	2022	2022-03-14	2022-03-14	User_036	MB1C	49000009212022
1000	4900000293	2022	2022-03-14	2022-03-14	User_036	MB1C	49000009222022
1000	4900000294	2022	2022-03-14	2022-03-14	User_036	MB1C	49000009232022
1000	4900000295	2022	2022-03-14	2022-03-14	User_004	MIGO_GI	49000009242022
1000	4900000296	2022	2022-03-15	2022-03-15	User_036	MB1C	49000009252022
1000	4900000297	2022	2022-03-15	2022-03-15	User_036	MB1C	49000009262022
1000	4900000298	2022	2022-03-15	2022-03-15	User_062	MIGO_GI	49000009272022
1000	4900000299	2022	2022-03-16	2022-03-16	User_011	MIGO_GI	49000009292022
1000	4900000300	2022	2022-03-16	2022-03-16	User_036	MB1C	49000009322022
1000	4900000301	2022	2022-03-17	2022-03-17	User_036	MB1C	49000009332022
1000	4900000302	2022	2022-03-17	2022-03-17	User_036	MB1C	49000009342022
1000	4900000303	2022	2022-03-15	2022-03-15	User_017	MB1C	49000009402022
1000	4900000304	2022	2022-03-31	2022-03-31	User_036	MB1C	49000009412022
1000	4900000305	2022	2022-03-31	2022-03-31	User_036	MB1C	49000009422022
1000	4900000306	2022	2022-03-31	2022-03-31	User_036	MB1C	49000009432022
1000	4900000307	2022	2022-03-11	2022-03-11	User_017	MB1C	49000009502022
1000	4900000308	2022	2022-03-11	2022-03-11	User_017	MB1C	49000009512022
1000	4900000309	2022	2022-03-11	2022-03-11	User_017	MB1C	49000009522022
1000	4900000310	2022	2022-03-11	2022-03-11	User_017	MB1C	49000009532022
1000	4900000311	2022	2022-03-11	2022-03-11	User_017	MB1C	49000009542022
1000	4900000312	2022	2022-03-08	2022-03-08	User_017	MB1C	49000009602022
1000	4900000313	2022	2022-03-31	2022-03-31	User_036	MB1C	49000009612022
1000	4900000314	2022	2022-04-29	2022-04-29	User_059	MIGO_GI	49000009702022
1000	4900000315	2022	2022-03-07	2022-03-07	User_017	MB1C	49000009712022
1000	4900000316	2022	2022-03-11	2022-03-11	User_017	MB1C	49000009722022
1000	4900000317	2022	2022-04-29	2022-04-29	User_059	MIGO_GI	49000009732022
1000	4900000318	2022	2022-05-02	2022-05-02	User_059	MIGO_GI	49000009802022
1000	4900000319	2022	2022-05-04	2022-05-04	User_036	MB1C	49000009902022
1000	4900000320	2022	2022-06-16	2022-06-16	User_004	MB1A	49000010002022
1000	4900000321	2022	2022-06-16	2022-06-16	User_004	MB11	49000010012022
1000	4900000322	2022	2022-06-16	2022-06-16	User_004	MB1A	49000010022022
1000	4900000323	2022	2022-06-23	2022-06-23	User_001	MIGO_GI	49000010102022
1000	4900000324	2022	2022-06-23	2022-06-23	User_036	MB1C	49000010112022
1000	4900000325	2022	2022-06-30	2022-06-30	User_036	MB1C	49000010202022
1000	4900000326	2022	2022-07-01	2022-07-01	User_043	MB1A	49000010212022
1000	4900000327	2022	2022-07-01	2022-07-01	User_043	MB1A	49000010222022
1000	4900000328	2022	2022-07-01	2022-07-01	User_043	MB1A	49000010232022
1000	4900000329	2022	2022-07-02	2022-07-02	User_001	MIGO_GI	49000010242022
1000	4900000330	2022	2022-07-04	2022-07-04	User_036	MB1C	49000010252022
1000	4900000331	2022	2022-07-05	2022-07-05	User_036	MB1C	49000010262022
1000	4900000332	2022	2022-07-05	2022-07-05	User_036	MB1C	49000010272022
1000	4900000333	2022	2022-07-27	2022-07-27	User_004	MB1A	49000010302022
1000	4900000334	2022	2022-07-27	2022-07-27	User_004	MB1A	49000010312022
1000	4900000335	2022	2022-07-02	2022-07-02	User_017	MB1C	49000010402022
1000	4900000336	2022	2022-07-02	2022-07-02	User_017	MB1C	49000010412022
1000	4900000337	2022	2022-07-03	2022-07-03	User_017	MB1C	49000010422022
1000	4900000338	2022	2022-08-16	2022-08-16	User_040	MIGO_GI	49000010502022
1000	4900000339	2022	2022-08-16	2022-08-16	User_040	MIGO_GI	49000010512022
1000	4900000340	2022	2022-09-16	2022-09-16	User_040	MIGO_GI	49000010522022
1000	4900000341	2022	2022-09-16	2022-09-16	User_040	MIGO_GI	49000010532022
1000	4900000342	2022	2022-09-16	2022-09-16	User_040	CO27	49000010542022
1000	4900000343	2022	2022-09-29	2022-09-29	User_040	MIGO_GI	49000010602022
1000	4900000344	2022	2022-09-29	2022-09-29	User_040	CO27	49000010612022
1000	4900000345	2022	2022-10-21	2022-10-21	User_001	MIGO_GI	49000010702022
1000	4900000346	2022	2022-10-18	2022-10-18	User_043	MB1C	49000010802022
1000	4900000347	2022	2022-10-18	2022-10-18	User_043	MB1C	49000010812022
1000	4900000348	2023	2023-02-16	2023-02-16	User_001	MIGO_GI	49000010902023
1000	4900000349	2023	2023-03-20	2023-03-20	User_040	MB11	49000011002023
1000	4900000350	2023	2023-03-20	2023-03-20	User_040	MB11	49000011012023
1000	4900000351	2023	2023-04-03	2023-04-03	User_044	MIGO_GI	49000011102023
1000	4900000352	2023	2023-04-03	2023-04-03	User_044	MIGO_GI	49000011112023
1000	4900000353	2023	2023-04-05	2023-04-05	User_044	MIGO_GI	49000011202023
1000	4900000354	2023	2023-04-05	2023-04-05	User_044	MIGO_GI	49000011212023
1000	4900000355	2023	2023-04-10	2023-04-10	User_044	MIGO_GI	49000011302023
1000	4900000356	2023	2023-06-07	2023-06-07	User_063	MIGO_GI	49000011402023
1000	4900000357	2024	2024-03-06	2024-03-06	User_044	MIGO_GI	49000011702024
1000	4900000358	2024	2024-03-06	2024-03-06	User_044	MIGO_GI	49000011712024
1000	4900000359	2024	2024-03-12	2024-03-12	User_044	MIGO_GI	49000011802024
1000	4900000363	2024	2024-03-15	2024-03-15	User_034	MIGO_GI	49000011902024
1000	4900000364	2024	2024-03-15	2024-03-15	User_034	MIGO_GI	49000011912024
1000	4900000365	2024	2024-03-10	2024-03-10	User_034	MIGO_GI	49000012002024
1000	4900000366	2024	2024-04-12	2024-04-12	User_034	MIGO_GI	49000012102024
1000	4900000367	2024	2024-04-12	2024-04-12	User_034	MIGO_GI	49000012112024
1000	4900000368	2024	2024-04-12	2024-04-12	User_034	COGI	49000012122024
1000	4900000369	2024	2024-04-12	2024-04-12	User_034	COGI	49000012132024
1000	4900000370	2024	2024-04-12	2024-04-12	User_034	COGI	49000012142024
1000	4900000371	2024	2024-05-06	2024-05-06	User_006	MIGO_GI	49000012202024
1000	4900000372	2024	2024-05-06	2024-05-06	User_006	MIGO_GI	49000012212024
1000	4900000373	2024	2024-05-06	2024-05-06	User_046	MB1A	49000012302024
1000	4900000374	2024	2024-05-06	2024-05-06	User_046	MB1A	49000012312024
1000	4900000375	2024	2024-05-06	2024-05-06	User_046	MB1A	49000012322024
1000	4900000376	2024	2024-05-06	2024-05-06	User_046	MB1A	49000012332024
1000	4900000377	2024	2024-05-31	2024-05-31	User_046	MB1A	49000012342024
1000	4900000378	2024	2024-05-31	2024-05-31	User_046	MB1A	49000012352024
1000	4900000379	2024	2024-05-31	2024-05-31	User_046	MB1A	49000012362024
1000	4900000380	2024	2024-05-31	2024-05-31	User_046	MB1A	49000012372024
1000	4900000381	2024	2024-06-28	2024-06-28	User_024	MIGO_GI	49000012402024
1000	4900000382	2024	2024-07-11	2024-07-11	User_046	MB1A	49000012502024
1000	4900000383	2024	2024-07-11	2024-07-11	User_046	MB1A	49000012512024
1000	4900000384	2024	2024-07-11	2024-07-11	User_046	MB1A	49000012522024
1000	4900000385	2024	2024-07-11	2024-07-11	User_046	MB1A	49000012532024
1000	4900000386	2024	2024-07-11	2024-07-11	User_046	MB1A	49000012542024
1000	4900000387	2024	2024-07-11	2024-07-11	User_046	MB1A	49000012552024
1000	4900000388	2024	2024-07-11	2024-07-11	User_046	MB1A	49000012562024
1000	4900000389	2024	2024-07-11	2024-07-11	User_046	MB1A	49000012572024
1000	4900000390	2024	2024-07-12	2024-07-12	User_046	MB1A	49000012602024
1000	4900000391	2024	2024-07-12	2024-07-12	User_046	MB1A	49000012612024
1000	4900000392	2024	2024-07-12	2024-07-12	User_046	MB1A	49000012622024
1000	4900000393	2024	2024-07-12	2024-07-12	User_046	MB1A	49000012632024
1000	4900000394	2024	2024-07-12	2024-07-12	User_046	MB1A	49000012642024
1000	4900000395	2024	2024-07-12	2024-07-12	User_046	MB1A	49000012652024
1000	4900000396	2024	2024-07-12	2024-07-12	User_046	MB1A	49000012662024
1000	4900000397	2024	2024-07-12	2024-07-12	User_046	MB1A	49000012672024
1000	4900000398	2024	2024-07-12	2024-07-12	User_046	MB1A	49000012682024
1000	4900000399	2024	2024-07-12	2024-07-12	User_046	MB1A	49000012692024
1000	4900000400	2024	2024-07-12	2024-07-12	User_046	MB1A	49000012702024
1000	4900000401	2024	2024-07-12	2024-07-12	User_046	MB1A	49000012712024
1000	4900000402	2024	2024-07-15	2024-07-15	User_046	MB1A	49000012802024
1000	4900000403	2024	2024-07-15	2024-07-15	User_046	MB1A	49000012812024
1000	4900000404	2024	2024-07-15	2024-07-15	User_046	MB1A	49000012822024
1000	4900000405	2024	2024-07-15	2024-07-15	User_046	MB1A	49000012832024
1000	4900000406	2024	2024-07-15	2024-07-15	User_046	MB1A	49000012842024
1000	4900000407	2024	2024-07-15	2024-07-15	User_046	MB1A	49000012852024
1000	4900000408	2024	2024-07-16	2024-07-16	User_046	COGI	49000012902024
1000	4900000409	2024	2024-07-16	2024-07-16	User_046	MB1A	49000012912024
1000	4900000410	2024	2024-07-16	2024-07-16	User_046	MB1A	49000012922024
1000	4900000411	2024	2024-07-16	2024-07-16	User_046	COGI	49000012932024
1000	4900000412	2024	2024-07-16	2024-07-16	User_034	MIGO_GI	49000012942024
1000	4900000413	2024	2024-07-16	2024-07-16	User_046	MB1A	49000012952024
1000	4900000414	2024	2024-07-16	2024-07-16	User_046	COGI	49000012962024
1000	4900000415	2024	2024-07-18	2024-07-18	User_046	COGI	49000013002024
1000	4900000416	2024	2024-07-29	2024-07-29	User_034	COGI	49000013102024
1000	4900000417	2024	2024-07-30	2024-07-30	User_034	COGI	49000013202024
1000	4900000418	2024	2024-07-30	2024-07-30	User_034	COGI	49000013212024
1000	4900000419	2024	2024-07-30	2024-07-30	User_034	COGI	49000013222024
1000	4900000420	2024	2024-07-30	2024-07-30	User_034	COGI	49000013232024
1000	4900000421	2024	2024-07-30	2024-07-30	User_034	COGI	49000013242024
1000	4900000422	2024	2024-07-30	2024-07-30	User_034	COGI	49000013252024
1000	4900000423	2024	2024-07-30	2024-07-30	User_034	COGI	49000013262024
1000	4900000424	2024	2024-07-31	2024-07-31	User_034	COGI	49000013302024
1000	4900000425	2024	2024-07-31	2024-07-31	User_034	COGI	49000013312024
1000	4900000426	2024	2024-08-01	2024-08-01	User_034	COGI	49000013412024
1000	4900000427	2024	2024-08-01	2024-07-30	User_034	COGI	49000013402024
1000	4900000428	2024	2024-08-01	2024-08-01	User_034	COGI	49000013422024
1000	4900000429	2024	2024-08-01	2024-08-01	User_034	COGI	49000013432024
1000	4900000430	2024	2024-08-01	2024-08-01	User_034	COGI	49000013442024
1000	4900000431	2024	2024-08-01	2024-08-01	User_034	COGI	49000013452024
1000	4900000432	2024	2024-08-01	2024-08-01	User_034	COGI	49000013462024
1000	4900000433	2024	2024-08-05	2024-08-05	User_001	COGI	49000013502024
1000	4900000434	2024	2024-08-05	2024-08-05	User_046	MB1A	49000013512024
1000	4900000435	2024	2024-08-05	2024-08-05	User_046	MB1A	49000013522024
1000	4900000436	2024	2024-08-05	2024-08-05	User_046	COGI	49000013532024
1000	4900000437	2024	2024-08-05	2024-08-05	User_046	MB1A	49000013542024
1000	4900000438	2024	2024-08-05	2024-08-05	User_046	MB1A	49000013552024
1000	4900000439	2024	2024-08-05	2024-08-05	User_046	COGI	49000013562024
1000	4900000440	2024	2024-08-05	2024-08-05	User_046	MB1A	49000013572024
1000	4900000441	2024	2024-08-05	2024-08-05	User_046	MB1A	49000013582024
1000	4900000442	2024	2024-08-05	2024-08-05	User_046	COGI	49000013592024
1000	4900000443	2024	2024-08-05	2024-08-05	User_046	COGI	49000013602024
1000	4900000444	2024	2024-08-05	2024-08-05	User_046	COGI	49000013612024
1000	4900000445	2024	2024-08-05	2024-08-05	User_046	COGI	49000013622024
1000	4900000446	2024	2024-08-05	2024-08-05	User_046	COGI	49000013632024
1000	4900000447	2024	2024-08-05	2024-08-05	User_046	MB1A	49000013642024
1000	4900000448	2024	2024-08-05	2024-08-05	User_046	MB1A	49000013652024
1000	4900000449	2024	2024-08-06	2024-08-06	User_046	MB1A	49000013702024
1000	4900000450	2024	2024-08-06	2024-08-06	User_046	MB1A	49000013712024
1000	4900000451	2024	2024-08-06	2024-08-06	User_046	COGI	49000013722024
1000	4900000452	2024	2024-08-07	2024-08-07	User_046	COGI	49000013802024
1000	4900000453	2024	2024-08-19	2024-08-19	User_046	MB1A	49000013902024
1000	4900000454	2024	2024-08-30	2024-08-30	User_046	MB1A	49000014002024
1000	4900000455	2024	2024-08-30	2024-08-30	User_046	MB11	49000014012024
1000	4900000456	2024	2024-09-03	2024-09-03	User_034	COGI	49000014102024
1000	4900000457	2024	2024-09-03	2024-09-03	User_046	MB1A	49000014112024
1000	4900000458	2024	2024-09-03	2024-09-03	User_046	MB1A	49000014122024
1000	4900000459	2024	2024-09-03	2024-09-03	User_046	MB1A	49000014132024
1000	4900000460	2024	2024-09-03	2024-09-03	User_046	MB1A	49000014142024
1000	4900000461	2024	2024-09-03	2024-09-03	User_046	COGI	49000014152024
1000	4900000462	2024	2024-09-03	2024-09-03	User_046	MB1A	49000014162024
1000	4900000463	2024	2024-09-03	2024-09-03	User_046	MB1A	49000014172024
1000	4900000464	2024	2024-09-03	2024-09-03	User_046	COGI	49000014182024
1000	4900000465	2024	2024-09-04	2024-09-04	User_046	MB1A	49000014202024
1000	4900000466	2024	2024-09-04	2024-09-04	User_046	MB1A	49000014212024
1000	4900000467	2024	2024-09-04	2024-09-04	User_046	COGI	49000014222024
1000	4900000468	2024	2024-09-04	2024-09-04	User_046	MB1A	49000014232024
1000	4900000469	2024	2024-09-04	2024-09-04	User_046	MB1A	49000014242024
1000	4900000470	2024	2024-09-04	2024-09-04	User_046	MB1A	49000014252024
1000	4900000471	2024	2024-09-04	2024-09-04	User_046	MB1A	49000014262024
1000	4900000472	2024	2024-09-04	2024-09-04	User_046	MB1A	49000014272024
1000	4900000473	2024	2024-09-04	2024-09-04	User_046	MB1A	49000014282024
1000	4900000474	2024	2024-09-04	2024-09-04	User_046	MB1A	49000014292024
1000	4900000475	2024	2024-09-04	2024-09-04	User_046	COGI	49000014302024
1000	4900000476	2024	2024-09-04	2024-09-04	User_046	MB1A	49000014312024
1000	4900000477	2024	2024-09-04	2024-09-04	User_046	MB1A	49000014322024
1000	4900000478	2024	2024-09-04	2024-09-04	User_046	MB11	49000014332024
1000	4900000479	2024	2024-09-04	2024-09-04	User_046	MB1A	49000014342024
1000	4900000480	2024	2024-09-04	2024-09-04	User_046	MB1A	49000014352024
1000	4900000481	2024	2024-09-06	2024-09-06	User_046	MB1A	49000014402024
1000	4900000482	2024	2024-09-06	2024-09-06	User_046	MB1A	49000014412024
1000	4900000483	2024	2024-09-06	2024-09-06	User_046	MB11	49000014422024
1000	4900000484	2024	2024-09-06	2024-09-06	User_046	MB11	49000014432024
1000	4900000485	2024	2024-09-06	2024-09-06	User_046	COGI	49000014442024
1000	4900000486	2024	2024-09-06	2024-09-06	User_046	COGI	49000014452024
1000	4900000487	2024	2024-09-06	2024-09-06	User_046	COGI	49000014462024
1000	4900000488	2024	2024-09-06	2024-09-06	User_046	COGI	49000014472024
1000	4900000489	2024	2024-09-06	2024-09-06	User_046	COGI	49000014482024
1000	4900000490	2024	2024-09-06	2024-09-06	User_046	COGI	49000014492024
1000	4900000491	2024	2024-09-06	2024-09-06	User_046	COGI	49000014502024
1000	4900000492	2024	2024-09-06	2024-09-06	User_046	COGI	49000014512024
1000	4900000493	2024	2024-09-06	2024-09-06	User_046	COGI	49000014522024
1000	4900000494	2024	2024-09-06	2024-09-06	User_046	COGI	49000014532024
1000	4900000495	2024	2024-09-06	2024-09-06	User_046	COGI	49000014542024
1000	4900000496	2024	2024-09-06	2024-09-06	User_046	COGI	49000014552024
1000	4900000497	2024	2024-09-10	2024-09-10	User_046	MB1A	49000014602024
1000	4900000498	2024	2024-09-10	2024-09-10	User_046	MB1A	49000014612024
1000	4900000499	2024	2024-09-10	2024-09-10	User_046	MB1A	49000014622024
1000	4900000500	2024	2024-09-10	2024-09-10	User_046	MB1A	49000014632024
1000	4900000501	2024	2024-09-10	2024-09-10	User_046	COGI	49000014642024
1000	4900000502	2024	2024-09-10	2024-09-10	User_046	MB1A	49000014652024
1000	4900000503	2024	2024-09-10	2024-09-10	User_046	MB1A	49000014662024
1000	4900000504	2024	2024-09-10	2024-09-10	User_046	MB1A	49000014672024
1000	4900000505	2024	2024-09-10	2024-09-10	User_046	MB1A	49000014682024
1000	4900000506	2024	2024-09-10	2024-09-10	User_046	COGI	49000014692024
1000	4900000507	2024	2024-09-10	2024-09-10	User_046	COGI	49000014702024
1000	4900000508	2024	2024-09-10	2024-09-10	User_046	COGI	49000014712024
1000	4900000509	2024	2024-09-10	2024-09-10	User_046	COGI	49000014722024
1000	4900000510	2024	2024-09-10	2024-09-10	User_046	COGI	49000014732024
1000	4900000511	2024	2024-09-18	2024-09-18	User_034	MIGO_GI	49000014802024
1000	4900000512	2024	2024-09-18	2024-09-18	User_034	MIGO_GI	49000014812024
1000	4900000513	2024	2024-09-18	2024-09-18	User_034	MIGO_GI	49000014822024
1000	4900000514	2024	2024-09-18	2024-09-18	User_034	MIGO_GI	49000014832024
1000	4900000515	2024	2024-09-30	2024-09-30	User_001	MIGO_GI	49000014902024
1000	4900000516	2024	2024-09-30	2024-09-30	User_001	MIGO_GI	49000014912024
1000	4900000517	2024	2024-11-11	2024-11-11	User_064	MIGO_GI	49000015002024
1000	4900000518	2025	2025-05-27	2025-05-27	User_065	VL02N	49000015102025
1000	4900000519	2025	2025-05-27	2025-05-27	User_065	VL02N	49000015112025
1000	4900000520	2025	2025-06-24	2025-06-24	User_064	MB1C	49000015202025
1000	4900000521	2025	2025-07-10	2025-06-30	User_001	COGI	49000015302025
1000	4900000522	2025	2025-07-10	2025-06-30	User_001	COGI	49000015312025
1000	4900000523	2025	2025-08-04	2025-05-14	User_064	MB1C	49000015402025
1000	4900000524	2025	2025-10-27	2025-08-27	User_053	MIGO_GI	49000015502025
1000	4900000525	2026	2026-02-10	2026-02-10	User_054	MIGO_GI	49000015702026
1000	4900000526	2026	2026-02-10	2026-02-10	User_054	MIGO_GI	49000015712026
1000	4900000527	2026	2026-02-10	2026-02-10	User_054	MIGO_GI	49000015722026
1000	4900000528	2026	2026-02-10	2026-02-10	User_054	MIGO_GI	49000015732026
1000	4900000529	2026	2026-02-10	2026-02-10	User_054	MIGO_GI	49000015742026
1000	4900000530	2026	2026-02-10	2026-02-10	User_054	MIGO_GI	49000015752026
1000	4900000531	2026	2026-03-04	2026-03-04	User_066	MIGO_GI	49000015902026
1000	4900000532	2026	2026-03-04	2026-03-04	User_066	MIGO_GI	49000015912026
1000	4900000533	2026	2026-03-04	2026-03-04	User_066	MIGO_GI	49000015922026
1000	4900000534	2026	2026-03-04	2026-03-04	User_054	MIGO_GI	49000015932026
1000	4900000535	2026	2026-02-21	2026-02-21	User_053	MB11	49000016002026
1000	5000000000	2019	2019-09-23	2019-09-23	User_021	MIGO_GR	50000000002019
1000	5000000001	2019	2019-09-23	2019-09-23	User_021	MIGO_GR	50000000012019
1000	5000000002	2019	2019-09-23	2019-09-23	User_021	MIGO_GR	50000000022019
1000	5000000003	2019	2019-09-23	2019-09-23	User_021	MIGO_GR	50000000032019
1000	5000000004	2019	2019-11-05	2019-11-05	User_067	MIGO_GR	50000000102019
1000	5000000005	2019	2019-11-07	2019-11-07	User_068	MB01	50000000112019
1000	5000000006	2019	2019-11-07	2019-11-07	User_001	MB01	50000000122019
1000	5000000007	2019	2019-11-07	2019-11-07	User_058	MB01	50000000132019
1000	5000000008	2019	2019-11-07	2019-11-07	User_069	MB01	50000000142019
1000	5000000009	2019	2019-11-07	2019-11-07	User_070	MB01	50000000152019
1000	5000000010	2019	2019-11-09	2019-11-09	User_002	MIGO_GR	50000000162019
1000	5000000011	2020	2020-01-06	2020-01-06	User_002	MIGO_GR	50000000202020
1000	5000000012	2020	2020-01-06	2020-01-06	User_002	MIGO_GR	50000000212020
1000	5000000013	2020	2020-01-13	2020-01-13	User_005	MIGO_GR	50000000222020
1000	5000000014	2020	2020-01-27	2020-01-27	User_001	MIGO_GR	50000000232020
1000	5000000015	2020	2020-02-24	2020-02-24	User_009	MIGO_GR	50000000242020
1000	5000000016	2020	2020-03-26	2020-03-26	User_004	MB01	50000000302020
1000	5000000017	2020	2020-04-22	2020-03-31	User_004	MB01	50000000312020
1000	5000000018	2020	2020-05-27	2020-05-27	User_058	MB01	50000000402020
1000	5000000019	2020	2020-06-02	2020-06-02	User_006	MB01	50000000502020
1000	5000000020	2020	2020-06-02	2020-06-02	User_006	MB01	50000000512020
1000	5000000021	2020	2020-06-11	2020-06-11	User_006	MB31	50000000602020
1000	5000000022	2020	2020-06-22	2020-06-22	User_057	MIGO_GR	50000000702020
1000	5000000023	2020	2020-06-23	2020-06-23	User_071	ML81	50000000802020
1000	5000000024	2020	2020-06-23	2020-06-23	User_071	ML81	50000000812020
1000	5000000025	2020	2020-06-29	2020-06-29	User_071	ML81	50000000822020
1000	5000000026	2020	2020-06-29	2020-06-29	User_071	ML81	50000000832020
1000	5000000027	2020	2020-06-30	2020-06-30	User_057	MIGO_GR	50000000902020
1000	5000000028	2020	2020-06-30	2020-06-30	User_005	MIGO_GR	50000001002020
1000	5000000029	2020	2020-07-10	2020-07-10	User_057	MIGO_GR	50000001102020
1000	5000000030	2020	2020-07-13	2020-07-13	User_057	MIGO_GR	50000001112020
1000	5000000031	2020	2020-07-13	2020-07-13	User_057	MIGO_GR	50000001122020
1000	5000000032	2020	2020-07-13	2020-07-13	User_057	MIGO_GR	50000001132020
1000	5000000033	2020	2020-07-14	2020-07-14	User_057	MIGO_GR	50000001202020
1000	5000000034	2020	2020-07-14	2020-07-14	User_057	MIGO_GR	50000001212020
1000	5000000035	2020	2020-07-14	2020-07-14	User_057	MIGO_GR	50000001222020
1000	5000000036	2020	2020-07-14	2020-07-14	User_057	MIGO_GR	50000001232020
1000	5000000037	2020	2020-07-14	2020-07-14	User_057	MIGO_GR	50000001242020
1000	5000000038	2020	2020-07-14	2020-07-14	User_057	ML81N	50000001252020
1000	5000000039	2020	2020-07-14	2020-07-14	User_057	ML81N	50000001262020
1000	5000000040	2020	2020-07-14	2020-07-14	User_057	ML81N	50000001272020
1000	5000000041	2020	2020-07-16	2020-07-16	User_025	MIGO_GR	50000001282020
1000	5000000042	2020	2020-07-20	2020-07-20	User_057	MIGO_GR	50000001302020
1000	5000000043	2020	2020-07-31	2020-07-31	User_057	MIGO_GR	50000001402020
1000	5000000044	2020	2020-08-03	2020-08-03	User_057	MIGO_GR	50000001502020
1000	5000000045	2020	2020-08-03	2020-08-03	User_057	MIGO_GR	50000001512020
1000	5000000046	2020	2020-08-04	2020-08-04	User_057	MIGO_GR	50000001602020
1000	5000000047	2020	2020-08-04	2020-08-04	User_057	ML81N	50000001612020
1000	5000000048	2020	2020-08-12	2020-08-12	User_009	MIGO_GR	50000001702020
1000	5000000049	2020	2020-08-12	2020-08-12	User_009	MIGO_GR	50000001712020
1000	5000000050	2020	2020-08-13	2020-08-13	User_009	MB31	50000001802020
1000	5000000051	2020	2020-08-13	2020-08-13	User_009	MIGO_GO	50000001812020
1000	5000000052	2020	2020-08-13	2020-08-13	User_009	MB31	50000001822020
1000	5000000053	2020	2020-08-14	2020-08-14	User_025	ML81N	50000001902020
1000	5000000054	2020	2020-08-17	2020-08-17	User_009	MB31	50000002002020
1000	5000000055	2020	2020-08-17	2020-08-17	User_009	ML81N	50000002012020
1000	5000000056	2020	2020-08-18	2020-08-18	User_009	MIGO_GR	50000002102020
1000	5000000057	2020	2020-08-19	2020-08-19	User_009	MIGO_GR	50000002202020
1000	5000000058	2020	2020-08-20	2020-08-20	User_009	MIGO_GR	50000002302020
1000	5000000059	2020	2020-08-20	2020-08-20	User_009	MB31	50000002312020
1000	5000000060	2020	2020-08-20	2020-08-20	User_009	MB31	50000002322020
1000	5000000061	2020	2020-08-26	2020-08-26	User_008	MIGO_GR	50000002402020
1000	5000000062	2020	2020-08-26	2020-08-26	User_008	MIGO_GR	50000002412020
1000	5000000063	2020	2020-08-26	2020-08-26	User_008	ML81N	50000002422020
1000	5000000064	2020	2020-09-11	2020-09-11	User_025	MIGO_GR	50000002502020
1000	5000000065	2020	2020-10-28	2020-10-28	User_001	MIGO_GR	50000002602020
1000	5000000066	2020	2020-11-01	2020-11-01	User_001	MB01	50000002702020
1000	5000000067	2020	2020-11-01	2020-11-01	User_001	MB01	50000002712020
1000	5000000068	2020	2020-11-02	2020-11-02	User_001	MB01	50000002722020
1000	5000000069	2020	2020-12-18	2020-12-18	User_058	MB01	50000002802020
1000	5000000070	2020	2020-12-18	2020-12-18	User_058	MB01	50000002812020
1000	5000000071	2021	2021-01-27	2021-01-27	User_030	MIGO_GR	50000002902021
1000	5000000072	2021	2021-02-02	2021-02-02	User_030	MIGO_GR	50000003002021
1000	5000000073	2021	2021-02-05	2021-02-05	User_010	MIGO_GR	50000003012021
1000	5000000074	2021	2021-02-05	2021-02-05	User_010	MIGO_GR	50000003022021
1000	5000000075	2021	2021-02-09	2021-02-09	User_010	MIGO_GR	50000003102021
1000	5000000076	2021	2021-02-09	2021-02-09	User_010	MIGO_GR	50000003112021
1000	5000000077	2021	2021-02-09	2021-02-09	User_010	MB01	50000003122021
1000	5000000078	2021	2021-02-09	2021-02-09	User_010	MIGO_GR	50000003132021
1000	5000000079	2021	2021-02-09	2021-02-09	User_010	MIGO_GR	50000003142021
1000	5000000080	2021	2021-02-09	2021-02-09	User_010	MIGO_GR	50000003152021
1000	5000000081	2021	2021-02-09	2021-02-09	User_010	MIGO_GR	50000003162021
1000	5000000082	2021	2021-02-09	2021-02-09	User_010	MIGO_GR	50000003172021
1000	5000000083	2021	2021-02-09	2021-02-09	User_010	MIGO_GR	50000003182021
1000	5000000084	2021	2021-02-09	2021-02-09	User_010	MIGO_GR	50000003192021
1000	5000000085	2021	2021-02-09	2021-02-09	User_010	MIGO_GR	50000003202021
1000	5000000086	2021	2021-02-09	2021-02-09	User_010	MIGO_GR	50000003212021
1000	5000000087	2021	2021-02-09	2021-02-09	User_010	MIGO_GR	50000003222021
1000	5000000088	2021	2021-02-09	2021-02-09	User_010	MIGO_GR	50000003232021
1000	5000000089	2021	2021-02-09	2021-02-09	User_010	MB01	50000003242021
1000	5000000090	2021	2021-02-09	2021-02-09	User_010	MB01	50000003252021
1000	5000000091	2021	2021-02-09	2021-02-09	User_010	MB01	50000003262021
1000	5000000092	2021	2021-02-10	2021-02-10	User_030	MIGO_GR	50000003272021
1000	5000000093	2021	2021-02-10	2021-02-10	User_010	MIGO_GR	50000003282021
1000	5000000094	2021	2021-02-10	2021-02-10	User_010	MIGO_GR	50000003292021
1000	5000000095	2021	2021-02-10	2021-02-10	User_010	MIGO_GR	50000003302021
1000	5000000096	2021	2021-02-10	2021-02-10	User_010	MIGO_GR	50000003312021
1000	5000000097	2021	2021-02-10	2021-02-10	User_010	MIGO_GR	50000003322021
1000	5000000098	2021	2021-02-10	2021-02-10	User_010	MIGO_GR	50000003332021
1000	5000000099	2021	2021-02-11	2021-02-11	User_010	MB01	50000003342021
1000	5000000100	2021	2021-02-11	2021-02-11	User_010	MIGO_GR	50000003352021
1000	5000000101	2021	2021-02-14	2021-02-14	User_002	MB01	50000003362021
1000	5000000102	2021	2021-02-14	2021-02-14	User_002	MIGO_GR	50000003372021
1000	5000000103	2021	2021-02-16	2021-02-16	User_001	MIGO_GR	50000003382021
1000	5000000104	2021	2021-02-16	2021-02-16	User_001	MIGO_GR	50000003392021
1000	5000000105	2021	2021-02-17	2021-02-17	User_002	MB01	50000003402021
1000	5000000106	2021	2021-02-28	2021-02-28	User_025	ML81N	50000003602021
1000	5000000107	2021	2021-05-21	2021-05-21	User_032	MIGO_GR	50000003702021
1000	5000000108	2021	2021-05-25	2021-05-25	User_032	ML81N	50000003802021
1000	5000000109	2021	2021-05-25	2021-05-25	User_032	ML81N	50000003812021
1000	5000000110	2021	2021-06-02	2021-06-02	User_032	MIGO_GR	50000003902021
1000	5000000111	2021	2021-06-02	2021-06-02	User_032	MIGO_GR	50000003912021
1000	5000000112	2021	2021-06-02	2021-06-02	User_032	ML81N	50000003922021
1000	5000000113	2021	2021-06-07	2021-06-07	User_011	MIGO_GR	50000004002021
1000	5000000114	2021	2021-06-07	2021-06-07	User_011	MIGO_GR	50000004012021
1000	5000000115	2021	2021-06-08	2021-06-08	User_011	MB31	50000004102021
1000	5000000116	2021	2021-06-08	2021-06-08	User_011	MB31	50000004112021
1000	5000000117	2021	2021-06-10	2021-06-10	User_011	MIGO_GR	50000004202021
1000	5000000118	2021	2021-06-10	2021-06-10	User_011	MB31	50000004212021
1000	5000000119	2021	2021-06-15	2021-06-15	User_011	MIGO_GR	50000004302021
1000	5000000120	2021	2021-06-15	2021-06-15	User_011	MIGO_GR	50000004312021
1000	5000000121	2021	2021-06-15	2021-06-15	User_011	MB31	50000004322021
1000	5000000122	2021	2021-06-25	2021-06-25	User_018	MIGO_GR	50000004402021
1000	5000000123	2021	2021-06-25	2021-06-25	User_018	MIGO_GR	50000004412021
1000	5000000124	2021	2021-08-11	2021-08-11	User_072	MIGO_GR	50000004502021
1000	5000000125	2021	2021-08-11	2021-08-11	User_072	MB01	50000004512021
1000	5000000126	2021	2021-08-12	2021-08-12	User_073	MB01	50000004522021
1000	5000000127	2021	2021-08-12	2021-08-12	User_073	MB01	50000004532021
1000	5000000128	2021	2021-08-12	2021-08-12	User_002	ML81N	50000004542021
1000	5000000129	2021	2021-08-13	2021-08-13	User_072	ML81N	50000004552021
1000	5000000130	2021	2021-08-13	2021-08-13	User_073	MB01	50000004562021
1000	5000000131	2021	2021-08-13	2021-08-13	User_002	ML81N	50000004572021
1000	5000000132	2021	2021-08-16	2021-08-16	User_025	ML81N	50000004582021
1000	5000000133	2021	2021-08-16	2021-08-16	User_025	ML81N	50000004592021
1000	5000000134	2021	2021-08-16	2021-08-16	User_073	MB01	50000004602021
1000	5000000135	2021	2021-08-16	2021-08-16	User_073	MB01	50000004612021
1000	5000000136	2021	2021-08-16	2021-08-16	User_073	MB01	50000004622021
1000	5000000137	2021	2021-08-16	2021-08-16	User_073	MB01	50000004632021
1000	5000000138	2021	2021-08-17	2021-08-17	User_073	MB01	50000004642021
1000	5000000139	2021	2021-08-17	2021-08-17	User_073	MB01	50000004652021
1000	5000000140	2021	2021-09-15	2021-09-15	User_034	MIGO_GR	50000004802021
1000	5000000141	2021	2021-09-15	2021-09-15	User_034	MIGO_GO	50000004812021
1000	5000000142	2021	2021-09-16	2021-09-16	User_039	MIGO_GR	50000004822021
1000	5000000143	2021	2021-10-25	2021-10-25	User_011	MIGO_GR	50000004902021
1000	5000000144	2021	2021-10-25	2021-10-25	User_011	MB31	50000004912021
1000	5000000145	2021	2021-11-18	2021-11-18	User_002	MIGO_GR	50000005002021
1000	5000000146	2022	2022-02-07	2022-02-07	User_038	ML81N	50000005102022
1000	5000000147	2022	2022-02-15	2022-02-15	User_032	MIGO_GR	50000005202022
1000	5000000148	2022	2022-02-16	2022-02-16	User_004	MIGO_GR	50000005302022
1000	5000000149	2022	2022-02-16	2022-02-16	User_032	ML81N	50000005312022
1000	5000000150	2022	2022-02-17	2022-02-17	User_038	ML81N	50000005402022
1000	5000000151	2022	2022-02-17	2022-02-17	User_038	MIGO_GR	50000005412022
1000	5000000152	2022	2022-02-17	2022-02-17	User_038	ML81N	50000005422022
1000	5000000153	2022	2022-02-17	2022-02-17	User_038	ML81N	50000005432022
1000	5000000154	2022	2022-02-21	2022-02-21	User_038	MIGO_GR	50000005502022
1000	5000000155	2022	2022-02-21	2022-02-21	User_038	ML81N	50000005512022
1000	5000000156	2022	2022-02-21	2022-02-21	User_004	MIGO_GR	50000005522022
1000	5000000157	2022	2022-02-23	2022-02-23	User_032	ML81N	50000005602022
1000	5000000158	2022	2022-03-14	2022-03-14	User_007	MIGO_GR	50000005702022
1000	5000000159	2022	2022-03-14	2022-03-14	User_007	MIGO_GR	50000005712022
1000	5000000160	2022	2022-03-15	2022-03-15	User_011	MIGO_GR	50000005722022
1000	5000000161	2022	2022-03-16	2022-03-16	User_011	MIGO_GR	50000005732022
1000	5000000162	2022	2022-03-16	2022-03-16	User_062	MIGO_GR	50000005742022
1000	5000000163	2022	2022-03-16	2022-03-16	User_062	MB31	50000005752022
1000	5000000164	2022	2022-07-04	2022-07-04	User_018	MIGO_GR	50000005902022
1000	5000000165	2022	2022-07-05	2022-07-05	User_017	MIGO_GR	50000005912022
1000	5000000166	2022	2022-07-05	2022-07-05	User_017	MIGO_GR	50000005922022
1000	5000000167	2022	2022-07-05	2022-07-05	User_017	MIGO_GR	50000005932022
1000	5000000168	2022	2022-07-05	2022-07-05	User_017	MIGO_GR	50000005942022
1000	5000000169	2022	2022-07-10	2022-07-10	User_040	MIGO_GR	50000006002022
1000	5000000170	2022	2022-09-16	2022-09-16	User_040	MIGO_GR	50000006102022
1000	5000000171	2022	2022-10-21	2022-10-21	User_001	MIGO_GR	50000006202022
1000	5000000172	2022	2022-10-21	2022-10-21	User_001	MIGO_GR	50000006212022
1000	5000000173	2022	2022-10-21	2022-10-21	User_001	MIGO_GR	50000006222022
1000	5000000174	2022	2022-10-21	2022-10-21	User_001	MIGO_GR	50000006232022
1000	5000000175	2022	2022-10-21	2022-10-21	User_001	MIGO_GR	50000006242022
1000	5000000176	2022	2022-12-07	2022-12-07	User_018	MIGO_GR	50000006302022
1000	5000000177	2022	2022-12-07	2022-12-07	User_002	MIGO_GR	50000006312022
1000	5000000178	2022	2022-12-13	2022-12-13	User_018	MIGO_GR	50000006402022
1000	5000000179	2022	2022-12-14	2022-12-14	User_018	MIGO_GR	50000006412022
1000	5000000180	2023	2023-02-16	2023-02-16	User_001	MIGO_GO	50000006502023
1000	5000000181	2023	2023-02-16	2023-02-16	User_001	MIGO_GR	50000006512023
1000	5000000182	2023	2023-02-16	2023-02-16	User_001	MIGO_GR	50000006522023
1000	5000000183	2023	2023-02-16	2023-02-16	User_001	MIGO_GR	50000006532023
1000	5000000184	2023	2023-02-16	2023-02-16	User_001	MIGO_GR	50000006542023
1000	5000000185	2023	2023-02-16	2023-02-16	User_001	MIGO_GR	50000006552023
1000	5000000186	2023	2023-04-04	2023-04-04	User_044	MIGO_GR	50000006602023
1000	5000000187	2023	2023-04-04	2023-04-04	User_044	MIGO_GR	50000006612023
1000	5000000188	2023	2023-04-04	2023-04-04	User_044	MIGO_GR	50000006622023
1000	5000000189	2023	2023-04-04	2023-04-04	User_044	ML81N	50000006632023
1000	5000000190	2023	2023-04-05	2023-04-05	User_044	MIGO_GR	50000006702023
1000	5000000191	2023	2023-04-05	2023-04-05	User_044	ML81N	50000006712023
1000	5000000192	2023	2023-06-07	2023-06-07	User_063	MIGO_GR	50000006802023
1000	5000000193	2023	2023-06-07	2023-06-07	User_044	ML81N	50000006812023
1000	5000000194	2024	2024-01-09	2024-01-09	User_034	MB31	50000007502024
1000	5000000195	2024	2024-02-16	2024-02-16	User_034	MIGO_GO	50000007602024
1000	5000000198	2024	2024-02-16	2024-02-16	User_034	MIGO_GO	50000007632024
1000	5000000199	2024	2024-03-06	2024-03-06	User_044	MIGO_GR	50000007702024
1000	5000000200	2024	2024-03-06	2024-03-06	User_044	MIGO_GR	50000007712024
1000	5000000201	2024	2024-03-06	2024-03-06	User_044	MIGO_GR	50000007722024
1000	5000000202	2024	2024-03-08	2024-03-08	User_044	MIGO_GR	50000007802024
1000	5000000203	2024	2024-03-08	2024-03-08	User_044	ML81N	50000007812024
1000	5000000204	2024	2024-04-12	2024-04-12	User_034	MB31	50000007902024
1000	5000000205	2024	2024-04-12	2024-04-12	User_034	MB31	50000007912024
1000	5000000206	2024	2024-04-12	2024-04-12	User_034	MB31	50000007922024
1000	5000000207	2024	2024-05-14	2024-05-14	User_034	MB31	50000008002024
1000	5000000208	2024	2024-06-19	2024-06-19	User_007	MIGO_GR	50000008102024
1000	5000000209	2024	2024-07-11	2024-07-11	User_046	MB31	50000008202024
1000	5000000210	2024	2024-07-22	2024-07-22	User_034	MIGO_GR	50000008302024
1000	5000000211	2024	2024-07-30	2024-07-30	User_034	MB31	50000008402024
1000	5000000212	2024	2024-07-30	2024-07-30	User_034	MB31	50000008412024
1000	5000000213	2024	2024-07-30	2024-07-30	User_034	MB31	50000008422024
1000	5000000214	2024	2024-07-30	2024-07-30	User_034	MB31	50000008432024
1000	5000000215	2024	2024-08-01	2024-08-01	User_034	MB31	50000008502024
1000	5000000216	2024	2024-08-01	2024-08-01	User_034	MB31	50000008512024
1000	5000000217	2024	2024-08-01	2024-08-01	User_034	MB31	50000008522024
1000	5000000218	2024	2024-08-05	2024-08-05	User_034	MIGO_GO	50000008602024
1000	5000000219	2024	2024-09-18	2024-09-18	User_034	MB31	50000008702024
1000	5000000220	2024	2024-09-30	2024-09-30	User_001	MIGO_GO	50000008802024
1000	5000000221	2024	2024-10-19	2024-10-19	User_017	MIGO_GR	50000008902024
1000	5000000222	2024	2024-10-22	2024-10-22	User_017	MIGO_GR	50000009002024
1000	5000000223	2024	2024-10-25	2024-10-25	User_017	MIGO_GR	50000009102024
1000	5000000224	2024	2024-11-25	2024-11-25	User_074	MIGO_GR	50000009112024
1000	5000000225	2025	2025-10-27	2025-07-27	User_053	MIGO_GR	50000009202025
1000	5000000226	2025	2025-07-27	2025-07-27	User_053	ML81N	50000009212025
1000	5000000227	2025	2025-12-30	2025-12-30	User_075	MIGO_GR	50000009302025
1000	5000000228	2026	2026-02-20	2026-02-20	User_054	MIGO_GO	50000009402026
1000	5000000229	2026	2026-03-04	2026-03-04	User_054	MIGO_GR	50000009702026
1000	5000000230	2026	2026-03-04	2026-03-04	User_054	MIGO_GR	50000009712026
1000	5000000231	2026	2026-03-04	2026-03-04	User_054	MIGO_GR	50000009732026
1000	5000000232	2026	2026-03-04	2026-03-04	User_054	MIGO_GR	50000009742026
1000	5100000000	2020	2020-01-06	2020-01-06	User_002	MIRO	51056001012020
1000	5100000001	2020	2020-01-13	2020-01-13	User_005	MIRO	51056001022020
1000	5100000002	2020	2020-01-27	2020-01-27	User_001	MIRO	51056001032020
1000	5100000003	2020	2020-01-27	2020-01-27	User_001	MR8M	51056001042020
1000	5100000004	2020	2020-01-27	2020-01-27	User_001	MIRO	51056001052020
1000	5100000005	2020	2020-01-27	2020-01-27	User_001	MR8M	51056001062020
1000	5100000006	2020	2020-01-27	2020-01-27	User_001	MIRO	51056001072020
1000	5100000007	2020	2020-01-27	2020-01-27	User_001	MR8M	51056001082020
1000	5100000008	2020	2020-01-27	2020-01-27	User_001	MIRO	51056001092020
1000	5100000009	2020	2020-01-29	2020-01-29	User_001	MIRO	51056001102020
1000	5100000010	2020	2020-01-30	2020-01-30	User_069	MIRO	51056001112020
1000	5100000011	2020	2020-02-24	2020-02-24	User_009	MIRO	51056001122020
1000	5100000012	2020	2020-06-02	2020-06-02	User_006	MIRO	51056001132020
1000	5100000013	2020	2020-06-02	2020-06-02	User_006	MIRO	51056001142020
1000	5100000014	2020	2020-06-23	2020-06-23	User_057	MIRO	51056001152020
1000	5100000015	2020	2020-06-29	2020-06-29	User_057	MIRO	51056001162020
1000	5100000016	2020	2020-06-29	2020-06-29	User_057	MIRO	51056001172020
1000	5100000017	2020	2020-06-30	2020-06-30	User_057	MIRO	51056001182020
1000	5100000018	2020	2020-10-28	2020-10-28	User_001	MIRO	51056001192020
1000	5100000019	2020	2020-11-01	2020-11-01	User_001	MIRO	51056001202020
1000	5100000020	2020	2020-11-02	2020-11-02	User_001	MIRO	51056001212020
1000	5100000021	2020	2020-12-18	2020-12-18	User_058	MIRO	51056001222020
1000	5100000022	2020	2020-12-18	2020-12-18	User_058	MIRO	51056001232020
1000	5100000023	2021	2021-02-05	2021-02-05	User_010	MIRO	51056001242021
1000	5100000024	2021	2021-02-05	2021-02-05	User_010	MIRO	51056001252021
1000	5100000025	2021	2021-02-09	2021-02-09	User_010	MIRO	51056001262021
1000	5100000026	2021	2021-02-09	2021-02-09	User_010	MIRO	51056001272021
1000	5100000027	2021	2021-02-17	2021-02-17	User_002	MIRO	51056001282021
1000	5100000028	2021	2021-05-21	2021-05-21	User_032	MIRO	51056001292021
1000	5100000029	2021	2021-06-02	2021-06-02	User_032	MIRO	51056001312021
1000	5100000030	2021	2021-06-25	2021-06-25	User_018	MIRO	51056001322021
1000	5100000031	2021	2021-07-23	2021-07-23	User_072	MIRO	51056001332021
1000	5100000032	2021	2021-08-10	2021-08-10	User_072	MIRO	51056001342021
1000	5100000033	2021	2021-08-13	2021-08-13	User_073	MIRO	51056001352021
1000	5100000034	2021	2021-08-13	2021-08-13	User_073	MIRO	51056001362021
1000	5100000035	2022	2022-03-09	2022-03-09	User_044	MIRO	51056001372022
1000	5100000036	2022	2022-08-14	2022-08-14	User_040	MIRO	51056001382022
1000	5100000037	2023	2023-04-04	2023-04-04	User_044	MIRO	51056001392023
1000	5100000038	2023	2023-04-04	2023-04-04	User_044	MIRO	51056001402023
1000	5100000039	2023	2023-04-04	2023-04-04	User_044	MIRO	51056001412023
1000	5100000040	2023	2023-04-04	2023-04-04	User_044	MIRO	51056001422023
1000	5100000041	2023	2023-04-04	2023-04-04	User_044	MIRO	51056001432023
1000	5100000042	2023	2023-04-04	2023-04-04	User_044	MIRO	51056001442023
1000	5100000043	2023	2023-04-04	2023-04-04	User_044	MIRO	51056001452023
1000	5100000044	2023	2023-06-07	2023-06-07	User_063	MIRO	51056001462023
1000	5100000045	2024	2024-03-06	2024-03-06	User_044	MIRO	51056001522024
1000	5100000046	2024	2024-03-08	2024-03-08	User_044	MIRO	51056001532024
1000	5100000047	2024	2024-03-08	2024-03-08	User_044	MIRO	51056001542024
1000	9300000000	2024	2024-12-18	2024-12-18	User_017	VF02	0090000165
1000	9300000001	2025	2025-01-07	2025-01-07	User_017		0090000166
1000	9300000002	2025	2025-01-09	2025-01-09	User_017		0090000168
1000	9300000003	2025	2025-06-03	2025-06-03	User_065	VF01	0090000169
1000	9300000004	2025	2025-06-03	2025-06-03	User_065	VF01	0090000170
1000	9300000005	2025	2025-05-27	2025-05-27	User_065	VF01	0090000171
2000	100000000	2023	2023-11-28	2023-11-28	User_054	FB01	010000000020002023
2000	2300000000	2024	2024-01-10	2024-01-10	User_054	IW42	000003850200000001
2000	2300000001	2024	2024-01-10	2024-01-10	User_054	IW42	000003850300000001
2000	2300000002	2024	2024-01-10	2024-01-10	User_054	IW42	000003850400000001
2000	2300000003	2024	2024-01-10	2024-01-10	User_054	IW42	000003850500000001
2000	2300000004	2024	2024-01-10	2024-01-10	User_054	IW41	000003850300000002
2000	2300000005	2024	2024-01-12	2024-01-12	User_054	IW42	000003860100000001
2000	2300000006	2024	2024-01-12	2024-01-12	User_054	IW42	000003860500000001
2000	2300000007	2024	2024-01-12	2024-01-12	User_054	IW42	000003860600000001
2000	2300000008	2024	2024-01-12	2024-01-12	User_054	IW42	000003860700000001
2000	2300000009	2024	2024-01-12	2024-01-12	User_054	IW42	000003860800000001
2000	2300000010	2024	2024-01-12	2024-01-12	User_054	IW42	000003860900000001
2000	4900000000	2023	2023-11-22	2023-11-22	User_076	MIGO_GI	49000011522023
2000	5000000000	2023	2023-11-22	2023-11-22	User_076	MIGO_GR	50000006902023
2000	5000000001	2023	2023-11-24	2023-11-24	User_076	MIGO_GR	50000007002023
2000	5000000002	2023	2023-11-27	2023-11-27	User_054	MIGO_GR	50000007102023
2000	5000000003	2023	2023-11-27	2023-11-27	User_054	MIGO_GR	50000007112023
2000	5000000004	2023	2023-11-28	2023-11-28	User_054	MIGO_GR	50000007202023
2000	5000000005	2023	2023-12-29	2023-12-29	User_054	MIGO_GR	50000007302023
2000	5000000006	2024	2024-01-05	2024-01-05	User_054	MIGO_GR	50000007402024
2000	5100000000	2023	2023-11-22	2023-11-22	User_076	MIRO	51056001472023
2000	5100000001	2023	2023-11-24	2023-11-24	User_076	MIRO	51056001482023
2000	5100000002	2023	2023-11-28	2023-11-28	User_054	MIRO	51056001492023
2000	5100000003	2023	2023-12-29	2023-12-29	User_054	MIRO	51056001502023
2000	5100000004	2024	2024-01-05	2024-01-05	User_054	MIRO	51056001512024
3710	100000000	2020	2020-05-27	2020-05-27	User_057	VF01	0090000034
3710	100000001	2020	2020-05-27	2020-05-27	User_057	VF11	0090000038
3710	100000002	2020	2020-05-27	2020-05-27	User_057	VF01	0090000039
3710	100000003	2020	2020-05-28	2020-05-28	User_057	VF01	0090000042
3710	100000004	2020	2020-05-28	2020-05-28	User_057	VF01	0090000043
3710	100000005	2020	2020-07-08	2020-07-08	User_077	FBDC_P001	010000000537102020
3710	100000006	2020	2020-07-08	2020-07-08	User_007	FBDC_P001	010000000637102020
3710	100000007	2021	2021-02-17	2021-02-17	User_057		0090000104
3710	100000008	2023	2023-06-07	2023-06-07	User_059	VF01	0090000161
3710	100000009	2023	2023-06-07	2023-06-07	User_059	VF01	0090000162
3710	100000010	2024	2024-01-16	2024-01-16	User_007	VF01	0090000163
3710	2300000000	2020	2020-07-08	2020-07-31	User_007	KSU5	0300000000A000
3710	4900000000	2020	2020-05-27	2020-05-27	User_077	MIGO_GI	49000001072020
3710	4900000001	2020	2020-05-27	2020-05-27	User_006	MIGO_GI	49000001152020
3710	4900000002	2020	2020-05-27	2020-05-27	User_057	MIGO_GI	49000001242020
3710	4900000003	2020	2020-05-27	2020-05-27	User_057	VL02N	49000001252020
3710	4900000004	2020	2020-05-27	2020-05-27	User_006	MIGO_GI	49000001262020
3710	4900000005	2020	2020-05-28	2020-05-28	User_057	VL02N	49000001292020
3710	4900000006	2020	2020-05-28	2020-05-28	User_057	VL02N	49000001302020
3710	4900000007	2020	2020-05-28	2020-05-28	User_057	VL02N	49000001312020
3710	4900000008	2020	2020-05-28	2020-05-28	User_057	VL02N	49000001322020
3710	4900000009	2020	2020-08-07	2020-08-07	User_078	MIGO_GI	49000002422020
3710	4900000010	2020	2020-08-10	2020-08-10	User_078	MIGO_GI	49000002542020
3710	4900000011	2020	2020-08-10	2020-08-10	User_078	MIGO_GI	49000002552020
3710	4900000012	2020	2020-08-10	2020-08-10	User_078	MIGO_GI	49000002562020
3710	4900000013	2020	2020-08-10	2020-08-10	User_078	MIGO_GI	49000002572020
3710	4900000014	2020	2020-08-10	2020-08-10	User_078	MB1C	49000002582020
3710	4900000015	2020	2020-08-10	2020-08-10	User_078	MIGO_GI	49000002592020
3710	4900000016	2020	2020-08-10	2020-08-10	User_078	MIGO_GI	49000002602020
3710	4900000017	2020	2020-08-10	2020-08-10	User_078	MIGO_GI	49000002612020
3710	4900000018	2020	2020-08-10	2020-08-10	User_078	MIGO_GI	49000002622020
3710	4900000019	2021	2021-07-05	2021-07-05	User_057	VL02N	49000007002021
3710	4900000020	2022	2025-12-19	2022-09-19	User_079	MIGO_GI	49000015602022
3710	4900000021	2022	2025-12-19	2022-09-19	User_079	MIGO_GI	49000015612022
3710	5000000000	2021	2021-08-20	2021-08-25	User_001	VL32N	50000004702021
3710	5000000001	2022	2022-06-10	2022-06-10	User_059	VL32N	50000005802022
3710	5000000002	2022	2022-06-10	2022-06-10	User_059	VL32N	50000005812022
3710	5000000003	2022	2022-06-10	2022-06-10	User_059	VL32N	50000005822022
3710	5000000004	2022	2022-06-10	2022-06-10	User_059	VL32N	50000005832022
3710	5000000005	2022	2022-06-10	2022-06-10	User_059	VL32N	50000005842022
3710	5000000006	2022	2022-06-10	2022-06-10	User_059	VL32N	50000005852022
