BUKRS	BELNR	GJAHR	BUZEI	KOART	WRBTR	HKONT	EBELN	EBELP
1000	100000000	2019	1	S	1500.0	680500		
1000	100000000	2019	2	S	1500.0	680500		
1000	100000001	2019	1	S	3000.0	680500		
1000	100000001	2019	2	S	3000.0	645000		
1000	100000001	2019	3	S	7.5	680500		
1000	100000001	2019	4	S	7.5	645020		
1000	100000002	2019	1	S	1000.0	474210		
1000	100000002	2019	2	S	1000.0	181000		
1000	100000003	2019	1	D	10000.0	140000		
1000	100000003	2019	2	S	10000.0	800000		
1000	100000004	2019	1	D	57.6	140000		
1000	100000004	2019	2	S	48.0	800000		
1000	100000004	2019	3	S	9.6	889000		
1000	100000005	2019	1	D	9000.0	140000		
1000	100000005	2019	2	S	9000.0	800000		
1000	100000006	2019	1	S	230.0	680500		
1000	100000006	2019	2	S	230.0	640000		
1000	100000007	2019	1	S	1.6	680500		
1000	100000007	2019	2	S	1.6	640000		
1000	100000008	2020	1	S	19057.6	140000		
1000	100000008	2020	2	S	19057.6	181000		
1000	100000009	2020	1	S	19057.6	140000		
1000	100000009	2020	2	S	19057.6	181000		
1000	100000010	2019	1	D	12000.0	140000		
1000	100000010	2019	2	S	12000.0	800000		
1000	100000011	2020	1	D	24000.0	140000		
1000	100000011	2020	2	S	24000.0	800000		
1000	100000012	2020	1	S	4.0	805000		
1000	100000012	2020	2	S	2.0	680010		
1000	100000012	2020	3	S	2.0	680000		
1000	100000013	2020	1	S	0.96	805000		
1000	100000013	2020	2	S	3.52	680000		
1000	100000013	2020	3	S	2.8	805000		
1000	100000013	2020	4	S	0.4	680010		
1000	100000013	2020	5	S	0.16	805000		
1000	100000014	2020	1	S	100.0	410000		
1000	100000014	2020	2	S	100.0	303000		
1000	100000015	2020	1	S	100.0	410000		
1000	100000015	2020	2	S	100.0	303000		
1000	100000016	2020	1	S	60.0	410000		
1000	100000016	2020	2	S	60.0	303000		
1000	100000017	2020	1	S	200.0	800000		
1000	100000017	2020	2	S	200.0	303000		
1000	100000018	2020	1	S	610.0	800000		
1000	100000018	2020	2	S	610.0	303000		
1000	100000019	2020	1	S	666.0	800000		
1000	100000019	2020	2	S	666.0	303000		
1000	100000020	2020	1	S	155.0	410000		
1000	100000020	2020	2	S	155.0	303000		
1000	100000021	2020	1	S	666.0	410000		
1000	100000021	2020	2	S	666.0	303000		
1000	100000022	2020	1	S	666.0	410000		
1000	100000022	2020	2	S	666.0	303000		
1000	100000023	2020	1	S	666.0	410000		
1000	100000023	2020	2	S	666.0	303000		
1000	100000024	2020	1	S	333.0	410000		
1000	100000024	2020	2	S	333.0	303000		
1000	100000025	2020	1	S	888.0	410000		
1000	100000025	2020	2	S	999.0	410000		
1000	100000025	2020	3	S	1887.0	303000		
1000	100000026	2020	1	S	888.0	410000		
1000	100000026	2020	2	S	999.0	410000		
1000	100000026	2020	3	S	1887.0	303000		
1000	100000027	2020	1	S	111.0	410000		
1000	100000027	2020	2	S	111.0	303000		
1000	100000028	2020	1	S	222.0	410000		
1000	100000028	2020	2	S	222.0	303000		
1000	100000029	2020	1	S	333.0	410000		
1000	100000029	2020	2	S	444.0	410000		
1000	100000029	2020	3	S	777.0	303000		
1000	100000030	2020	1	D	242.0	140000		
1000	100000030	2020	2	S	200.0	800000		
1000	100000030	2020	3	S	42.0	175000		
1000	100000031	2020	1	D	242.0	140000		
1000	100000031	2020	2	S	200.0	800000		
1000	100000031	2020	3	S	42.0	175000		
1000	100000032	2020	1	D	242.0	140000		
1000	100000032	2020	2	S	200.0	800000		
1000	100000032	2020	3	S	42.0	175000		
1000	100000033	2020	1	D	242.0	140000		
1000	100000033	2020	2	S	200.0	800000		
1000	100000033	2020	3	S	42.0	175000		
1000	100000034	2020	1	D	20.0	140000		
1000	100000034	2020	2	S	20.0	800000		
1000	100000035	2020	1	D	1210.0	140000		
1000	100000035	2020	2	S	1000.0	800000		
1000	100000035	2020	3	S	210.0	175000		
1000	100000036	2020	1	D	18.15	140000		
1000	100000036	2020	2	S	15.0	800000		
1000	100000036	2020	3	S	3.15	175000		
1000	100000037	2020	1	D	484.0	140000		
1000	100000037	2020	2	S	400.0	800000		
1000	100000037	2020	3	S	84.0	175000		
1000	100000038	2020	1	D	60.5	196000		
1000	100000039	2020	1	D	363.0	140000		
1000	100000039	2020	2	S	300.0	800000		
1000	100000039	2020	3	S	63.0	175000		
1000	100000040	2020	1	S	100.0	400000		
1000	100000040	2020	2	S	100.0	181000		
1000	100000041	2020	1	S	100.0	400000		
1000	100000041	2020	2	S	100.0	181000		
1000	100000042	2020	1	S	100.0	417000		
1000	100000042	2020	2	S	100.0	181000		
1000	100000043	2020	1	S	100.0	417000		
1000	100000043	2020	2	S	100.0	181000		
1000	100000044	2020	1	S	100.0	417000		
1000	100000044	2020	2	S	100.0	181000		
1000	100000045	2020	1	S	100.0	400000		
1000	100000045	2020	2	S	100.0	181000		
1000	100000046	2020	1	S	100.0	400000		
1000	100000046	2020	2	S	100.0	181000		
1000	100000047	2020	1	S	100.0	417000		
1000	100000047	2020	2	S	100.0	181000		
1000	100000048	2020	1	S	100.0	417000		
1000	100000048	2020	2	S	100.0	181000		
1000	100000049	2020	1	S	1000.0	417000		
1000	100000049	2020	2	S	1000.0	181000		
1000	100000050	2020	1	D	34.42	140000		
1000	100000050	2020	2	S	28.45	800000		
1000	100000050	2020	3	S	5.97	175000		
1000	100000051	2020	1	D	88.94	140000		
1000	100000051	2020	2	S	73.5	800000		
1000	100000051	2020	3	S	15.44	175000		
1000	100000052	2020	1	D	88.94	140000		
1000	100000052	2020	2	S	73.5	800000		
1000	100000052	2020	3	S	15.44	175000		
1000	100000053	2020	1	D	88.94	140000		
1000	100000053	2020	2	S	73.5	800000		
1000	100000053	2020	3	S	15.44	175000		
1000	100000054	2020	1	D	88.94	140000		
1000	100000054	2020	2	S	73.5	800000		
1000	100000054	2020	3	S	15.44	175000		
1000	100000055	2021	1	D	88.94	140000		
1000	100000055	2021	2	S	73.5	800000		
1000	100000055	2021	3	S	15.44	175000		
1000	100000056	2021	1	D	88.94	140000		
1000	100000056	2021	2	S	73.5	800000		
1000	100000056	2021	3	S	15.44	175000		
1000	100000057	2021	1	D	88.94	140000		
1000	100000057	2021	2	S	73.5	800000		
1000	100000057	2021	3	S	15.44	175000		
1000	100000058	2021	1	D	88.94	140000		
1000	100000058	2021	2	S	73.5	800000		
1000	100000058	2021	3	S	15.44	175000		
1000	100000059	2021	1	D	88.94	140000		
1000	100000059	2021	2	S	73.5	800000		
1000	100000059	2021	3	S	15.44	175000		
1000	100000060	2021	1	D	88.94	140000		
1000	100000060	2021	2	S	73.5	800000		
1000	100000060	2021	3	S	15.44	175000		
1000	100000061	2021	1	D	88.94	140000		
1000	100000061	2021	2	S	73.5	800000		
1000	100000061	2021	3	S	15.44	175000		
1000	100000062	2021	1	D	88.94	140000		
1000	100000062	2021	2	S	73.5	800000		
1000	100000062	2021	3	S	15.44	175000		
1000	100000063	2021	1	D	88.94	140000		
1000	100000063	2021	2	S	73.5	800000		
1000	100000063	2021	3	S	15.44	175000		
1000	100000064	2020	1	D	326.7	140000		
1000	100000064	2020	2	S	270.0	800000		
1000	100000064	2020	3	S	56.7	175000		
1000	100000065	2020	1	S	638.0	895000		
1000	100000065	2020	2	M	638.0	304002		
1000	100000066	2020	1	S	90.25	895000		
1000	100000066	2020	2	M	90.25	304002		
1000	100000067	2020	1	D	1308.0	196000		
1000	100000067	2020	2	S	1200.0	800000		
1000	100000067	2020	3	S	108.0	175000		
1000	100000068	2020	1	D	1308.0	196000		
1000	100000068	2020	2	S	1200.0	800000		
1000	100000068	2020	3	S	108.0	175000		
1000	100000069	2020	1	D	1308.0	196000		
1000	100000069	2020	2	S	1200.0	800000		
1000	100000069	2020	3	S	108.0	175000		
1000	100000070	2020	1	D	1308.0	196000		
1000	100000070	2020	2	S	1200.0	800000		
1000	100000070	2020	3	S	108.0	175000		
1000	100000071	2021	1	D	1308.0	196000		
1000	100000071	2021	2	S	1200.0	800000		
1000	100000071	2021	3	S	108.0	175000		
1000	100000072	2021	1	D	1308.0	196000		
1000	100000072	2021	2	S	1200.0	800000		
1000	100000072	2021	3	S	108.0	175000		
1000	100000073	2021	1	D	1308.0	196000		
1000	100000073	2021	2	S	1200.0	800000		
1000	100000073	2021	3	S	108.0	175000		
1000	100000074	2021	1	D	1308.0	196000		
1000	100000074	2021	2	S	1200.0	800000		
1000	100000074	2021	3	S	108.0	175000		
1000	100000075	2021	1	D	1308.0	196000		
1000	100000075	2021	2	S	1200.0	800000		
1000	100000075	2021	3	S	108.0	175000		
1000	100000076	2021	1	D	1308.0	196000		
1000	100000076	2021	2	S	1200.0	800000		
1000	100000076	2021	3	S	108.0	175000		
1000	100000077	2021	1	D	1308.0	196000		
1000	100000077	2021	2	S	1200.0	800000		
1000	100000077	2021	3	S	108.0	175000		
1000	100000078	2021	1	D	1308.0	196000		
1000	100000078	2021	2	S	1200.0	800000		
1000	100000078	2021	3	S	108.0	175000		
1000	100000079	2021	1	D	1308.0	196000		
1000	100000079	2021	2	S	1200.0	800000		
1000	100000079	2021	3	S	108.0	175000		
1000	100000080	2020	1	D	1308.0	196000		
1000	100000080	2020	2	S	1200.0	800000		
1000	100000080	2020	3	S	108.0	175000		
1000	100000081	2020	1	D	24200.0	196000		
1000	100000081	2020	2	S	20000.0	800000		
1000	100000081	2020	3	S	4200.0	175000		
1000	100000082	2020	1	D	24.2	196000		
1000	100000082	2020	2	S	20.0	800000		
1000	100000082	2020	3	S	4.2	175000		
1000	100000083	2021	1	D	43600.0	140000		
1000	100000083	2021	2	S	40000.0	800000		
1000	100000083	2021	3	S	3600.0	175000		
1000	100000084	2021	1	D	34880.0	140000		
1000	100000084	2021	2	S	32000.0	800000		
1000	100000084	2021	3	S	2880.0	175000		
1000	100000085	2021	1	D	34880.0	140000		
1000	100000085	2021	2	S	32000.0	800000		
1000	100000085	2021	3	S	2880.0	175000		
1000	100000086	2021	1	S	1000.0	219000		
1000	100000086	2021	2	S	1000.0	476900		
1000	100000087	2021	1	S	1000.0	219000		
1000	100000087	2021	2	S	1000.0	476900		
1000	100000088	2021	1	S	144.0	219000	4500000193	10
1000	100000088	2021	2	S	144.0	400000	4500000193	10
1000	100000089	2021	1	S	8.0	690100		
1000	100000089	2021	2	S	8.0	219000		
1000	100000090	2021	1	S	8.0	690100		
1000	100000090	2021	2	S	8.0	219000		
1000	100000091	2021	1	S	8.0	690100		
1000	100000091	2021	2	S	8.0	219000		
1000	100000092	2021	1	S	175.77	690100		
1000	100000092	2021	2	S	175.77	219000		
1000	100000093	2021	1	S	2.22	690100		
1000	100000093	2021	2	S	2.22	219000		
1000	100000094	2021	1	S	175.0	474210		
1000	100000094	2021	2	S	175.0	219000		
1000	100000095	2021	1	S	333.0	404000		
1000	100000095	2021	2	S	333.0	219000		
1000	100000096	2021	1	S	444.0	417000		
1000	100000096	2021	2	S	444.0	219000		
1000	100000097	2021	1	S	111.0	474210		
1000	100000097	2021	2	S	111.0	219000		
1000	100000098	2021	1	S	211.5	895000		
1000	100000098	2021	2	M	211.5	304002		
1000	100000099	2021	1	S	56.72	895000		
1000	100000099	2021	2	M	56.72	304002		
1000	100000100	2021	1	S	261.92	895000		
1000	100000100	2021	2	M	261.92	304002		
1000	100000101	2021	1	S	500.0	410000		
1000	100000101	2021	2	S	500.0	181000		
1000	100000102	2021	1	S	600.0	410000		
1000	100000102	2021	2	S	600.0	181000		
1000	100000103	2021	1	S	1000.0	476900		
1000	100000103	2021	2	S	1000.0	181000		
1000	100000104	2021	1	S	1000.0	476900		
1000	100000104	2021	2	S	1000.0	181000		
1000	100000105	2021	1	S	1000.0	680010		
1000	100000105	2021	2	S	1000.0	181000		
1000	100000105	2021	3	S	210.0	175000		
1000	100000105	2021	4	S	210.0	154000		
1000	100000106	2021	1	S	1000.0	680010		
1000	100000106	2021	2	S	1000.0	181000		
1000	100000106	2021	3	S	210.0	175000		
1000	100000106	2021	4	S	210.0	154000		
1000	100000107	2021	1	S	1000.0	476900		
1000	100000107	2021	2	S	1000.0	181000		
1000	100000108	2021	1	S	1666.0	405200		
1000	100000108	2021	2	S	1666.0	181000		
1000	100000109	2021	1	S	1000.0	476900		
1000	100000109	2021	2	A	1000.0	270000		
1000	100000110	2021	1	A	1000.0	270000		
1000	100000110	2021	2	A	1000.0	230000		
1000	100000111	2021	1	S	1250.0	615807		
1000	100000111	2021	2	S	1250.0	181000		
1000	100000112	2021	1	A	15000.0	270000		
1000	100000112	2021	2	S	15000.0	476900		
1000	100000113	2021	1	A	14500.0	232000		
1000	100000113	2021	2	S	14500.0	199990		
1000	100000114	2021	1	A	15000.0	270000		
1000	100000114	2021	2	A	15000.0	232000		
1000	100000115	2021	1	A	25610.0	232000		
1000	100000115	2021	2	S	25610.0	199990		
1000	100000116	2021	1	D	376.05	4000001		
1000	100000116	2021	2	S	345.0	800000		
1000	100000116	2021	3	S	31.05	175000		
1000	100000117	2021	1	D	134.07	4000001		
1000	100000117	2021	2	S	123.0	800000		
1000	100000117	2021	3	S	11.07	175000		
1000	100000118	2021	1	A	12000.0	270000		
1000	100000118	2021	2	S	12000.0	476911		
1000	100000119	2021	1	A	12000.0	270000		
1000	100000119	2021	2	A	12000.0	232000		
1000	100000120	2021	1	D	120.99	4000001		
1000	100000120	2021	2	S	111.0	800000		
1000	100000120	2021	3	S	9.99	175000		
1000	100000121	2021	1	D	1423.0	4000001		
1000	100000121	2021	2	S	1423.0	800000		
1000	100000122	2021	1	S	150.0	91000		
1000	100000122	2021	2	S	150.0	90000		
1000	100000123	2021	1	D	222.0	4000001		
1000	100000123	2021	2	S	222.0	153200		
1000	100000124	2021	1	D	222.0	4000001		
1000	100000124	2021	2	S	222.0	153200		
1000	100000125	2021	1	D	222.0	4000001		
1000	100000125	2021	2	S	222.0	153200		
1000	100000126	2021	1	D	87.0	4000001		
1000	100000126	2021	2	S	87.0	153200		
1000	100000127	2021	1	S	500.0	400000		
1000	100000127	2021	2	S	500.0	404000		
1000	100000128	2021	1	A	150000.0	232000		
1000	100000128	2021	2	S	150000.0	199990		
1000	100000129	2021	1	A	50000.0	270000		
1000	100000129	2021	2	S	50000.0	476911		
1000	100000130	2021	1	A	50000.0	270000		
1000	100000130	2021	2	S	50000.0	476911		
1000	100000131	2021	1	A	50000.0	270000		
1000	100000131	2021	2	A	50000.0	232000		
1000	100000132	2021	1	A	50000.0	232000		
1000	100000132	2021	2	S	50000.0	199990		
1000	100000133	2021	1	A	5000.0	232000		
1000	100000133	2021	2	S	5000.0	199990		
1000	100000134	2021	1	A	50000.0	270000		
1000	100000134	2021	2	S	50000.0	476911		
1000	100000135	2021	1	A	50000.0	270000		
1000	100000135	2021	2	A	50000.0	232000		
1000	100000136	2021	1	S	750.0	630201		
1000	100000136	2021	2	S	750.0	160140		
1000	100000137	2021	1	D	1666.67	4000001		
1000	100000137	2021	2	S	1666.67	153200		
1000	100000138	2021	1	S	260.68	895000		
1000	100000138	2021	2	M	260.68	304002		
1000	100000139	2021	1	S	500000.0	670000		
1000	100000139	2021	2	A	500000.0	270000		
1000	100000140	2021	1	S	500000.0	670000		
1000	100000140	2021	2	A	500000.0	270000		
1000	100000141	2022	1	S	833.33	670032		
1000	100000141	2022	2	S	833.33	670032		
1000	100000142	2021	1	S	833.33	670030		
1000	100000142	2021	2	S	833.33	670032		
1000	100000143	2021	1	S	200.0	272400		
1000	100000143	2021	2	S	200.0	219000		
1000	100000144	2021	1	S	35.0	400000		
1000	100000144	2021	2	S	35.0	219000		
1000	100000145	2021	1	D	10000.0	140000		
1000	100000145	2021	2	S	10000.0	153200		
1000	100000146	2021	1	D	93.47	196000		
1000	100000146	2021	2	S	85.75	800000		
1000	100000146	2021	3	S	7.72	175000		
1000	100000147	2021	1	D	116.84	196000		
1000	100000147	2021	2	S	107.19	800000		
1000	100000147	2021	3	S	9.65	175000		
1000	100000148	2021	1	D	210.3	196000		
1000	100000148	2021	2	S	192.94	800000		
1000	100000148	2021	3	S	17.36	175000		
1000	100000149	2021	1	D	476.56	140000		
1000	100000149	2021	2	S	344.46	800000		
1000	100000149	2021	3	S	39.35	175000		
1000	100000149	2021	4	S	92.75	153200		
1000	100000150	2021	1	D	197.65	140000		
1000	100000150	2021	2	S	88.58	800000		
1000	100000150	2021	3	S	16.32	175000		
1000	100000150	2021	4	S	92.75	153200		
1000	100000151	2021	1	D	141.57	140000		
1000	100000151	2021	2	S	37.13	800000		
1000	100000151	2021	3	S	11.69	175000		
1000	100000151	2021	4	S	92.75	153200		
1000	100000152	2022	1	D	281.99	140000		
1000	100000152	2022	2	S	258.71	800000		
1000	100000152	2022	3	S	23.28	175000		
1000	100000153	2022	1	D	375.46	140000		
1000	100000153	2022	2	S	344.46	800000		
1000	100000153	2022	3	S	31.0	175000		
1000	100000154	2022	1	S	8.41	670032		
1000	100000154	2022	2	S	8.41	670032		
1000	100000155	2022	1	D	593.46	140000		
1000	100000155	2022	2	S	344.46	800000		
1000	100000155	2022	3	S	49.0	175000		
1000	100000155	2022	4	S	200.0	153200		
1000	100000156	2022	1	D	656.41	140000		
1000	100000156	2022	2	S	601.71	800000		
1000	100000156	2022	3	S	54.2	175000		
1000	100000156	2022	4	S	0.5	153200		
1000	100000157	2022	1	S	2.8	805000		
1000	100000157	2022	2	S	2.8	680000		
1000	100000158	2022	1	S	4.8	805000		
1000	100000158	2022	2	S	16.8	680000		
1000	100000158	2022	3	S	12.0	805000		
1000	100000159	2022	1	D	957.02	140000		
1000	100000159	2022	2	S	0.5	153200		
1000	100000159	2022	3	S	79.02	175000		
1000	100000159	2022	4	S	100.0	153200		
1000	100000159	2022	5	S	777.5	800000		
1000	100000160	2022	1	S	1000.0	635301		
1000	100000160	2022	2	S	1000.0	181000		
1000	100000161	2022	1	D	1761.4	140000		
1000	100000161	2022	2	S	515.96	800000		
1000	100000161	2022	3	S	145.44	175000		
1000	100000161	2022	4	S	1100.0	153200		
1000	100000162	2022	1	S	1000.0	635301		
1000	100000162	2022	2	S	1000.0	181000		
1000	100000163	2022	1	D	5450.0	140000		
1000	100000163	2022	2	S	5000.0	800000		
1000	100000163	2022	3	S	450.0	175000		
1000	100000164	2022	1	D	1090.0	140000		
1000	100000164	2022	2	S	1000.0	153200		
1000	100000164	2022	3	S	90.0	175000		
1000	100000165	2022	1	D	1090.0	140000		
1000	100000165	2022	2	S	1000.0	153200		
1000	100000165	2022	3	S	90.0	175000		
1000	100000166	2022	1	D	5450.0	140000		
1000	100000166	2022	2	S	5000.0	800000		
1000	100000166	2022	3	S	450.0	175000		
1000	100000167	2022	1	D	5450.0	140000		
1000	100000167	2022	2	S	5000.0	800000		
1000	100000167	2022	3	S	450.0	175000		
1000	100000168	2022	1	D	1090.0	140000		
1000	100000168	2022	2	S	1000.0	153200		
1000	100000168	2022	3	S	90.0	175000		
1000	100000169	2022	1	D	5450.0	140000		
1000	100000169	2022	2	S	5000.0	800000		
1000	100000169	2022	3	S	450.0	175000		
1000	100000170	2022	1	D	1090.0	140000		
1000	100000170	2022	2	S	1000.0	153200		
1000	100000170	2022	3	S	90.0	175000		
1000	100000171	2022	1	D	6540.0	140000		
1000	100000171	2022	2	S	6000.0	800000		
1000	100000171	2022	3	S	540.0	175000		
1000	100000172	2022	1	D	6540.0	140000		
1000	100000172	2022	2	S	6000.0	800000		
1000	100000172	2022	3	S	540.0	175000		
1000	100000173	2022	1	D	218.0	140000		
1000	100000173	2022	2	S	285.75	800000		
1000	100000173	2022	3	S	85.75	889000		
1000	100000173	2022	4	S	18.0	175000		
1000	100000174	2022	1	D	5664.96	140000		
1000	100000174	2022	2	S	5000.0	800000		
1000	100000174	2022	3	S	467.75	175000		
1000	100000174	2022	4	S	232.21	800000		
1000	100000174	2022	5	S	10.0	153200		
1000	100000174	2022	6	S	45.0	889000		
1000	100000175	2022	1	D	5450.0	140000		
1000	100000175	2022	2	S	5000.0	800000		
1000	100000175	2022	3	S	450.0	175000		
1000	100000176	2022	1	D	5450.0	140000		
1000	100000176	2022	2	S	5000.0	800000		
1000	100000176	2022	3	S	450.0	175000		
1000	100000177	2022	1	D	5450.0	140000		
1000	100000177	2022	2	S	5000.0	800000		
1000	100000177	2022	3	S	450.0	175000		
1000	100000178	2022	1	D	5450.0	140000		
1000	100000178	2022	2	S	5000.0	800000		
1000	100000178	2022	3	S	450.0	175000		
1000	100000179	2022	1	D	5450.0	140000		
1000	100000179	2022	2	S	5000.0	800000		
1000	100000179	2022	3	S	450.0	175000		
1000	100000180	2022	1	D	1155.8	140000		
1000	100000180	2022	2	S	1210.37	800000		
1000	100000180	2022	3	S	95.43	175000		
1000	100000180	2022	4	S	150.0	889000		
1000	100000181	2022	1	D	3416.02	140000		
1000	100000181	2022	2	S	3403.96	800000		
1000	100000181	2022	3	S	282.06	175000		
1000	100000181	2022	4	S	270.0	889000		
1000	100000182	2022	1	D	163500.0	140000		
1000	100000182	2022	2	S	150000.0	800000		
1000	100000182	2022	3	S	13500.0	175000		
1000	100000183	2022	1	D	50150.15	140000		
1000	100000183	2022	2	S	50150.15	800000		
1000	100000184	2022	1	D	500000.0	140000		
1000	100000184	2022	2	S	500000.0	800000		
1000	100000185	2026	1	S	1000.0	499999		
1000	100000185	2026	2	S	1000.0	890000		
1000	100000186	2026	1	S	150000.0	670020		
1000	100000186	2026	2	S	150000.0	670000		
1000	100000187	2026	1	S	500000.0	615817		
1000	100000187	2026	2	S	500000.0	615817		
1000	100000188	2026	1	S	10000.0	90000		
1000	100000188	2026	2	S	10000.0	137810		
1000	100000189	2026	1	S	10000.0	90000		
1000	100000189	2026	2	S	10000.0	137810		
1000	1400000000	2020	1	S	50.0	303000		
1000	1400000000	2020	2	S	50.0	399999		
1000	1400000001	2022	1	S	560.0	181000		
1000	1400000001	2022	2	D	560.0	140000		
1000	1400000002	2022	1	S	500.0	181000		
1000	1400000002	2022	2	D	500.0	140000		
1000	1400000003	2022	1	S	50.0	181000		
1000	1400000003	2022	2	D	50.0	140000		
1000	1600000000	2020	1	D	84.7	140000		
1000	1600000000	2020	2	S	70.0	884000		
1000	1600000000	2020	3	S	14.7	175000		
1000	1600000001	2022	1	D	12000.0	140000		
1000	1600000001	2022	2	S	9917.35	800000		
1000	1600000001	2022	3	S	2082.65	175000		
1000	1600000002	2022	1	D	14520.0	140000		
1000	1600000002	2022	2	S	9917.35	800000		
1000	1600000002	2022	3	S	2520.0	175000		
1000	1600000002	2022	4	S	2082.65	175000		
1000	1700000000	2021	1	K	2500.0	160000		
1000	1700000000	2021	2	S	2500.0	690100		
1000	1800000000	2021	1	D	60500.0	140000		
1000	1800000000	2021	2	S	50000.0	670050		
1000	1800000000	2021	3	S	10500.0	175000		
1000	1800000001	2021	1	D	181500.0	140000		
1000	1800000001	2021	2	S	150000.0	670050		
1000	1800000001	2021	3	S	31500.0	175000		
1000	1800000002	2021	1	D	60500.0	140000		
1000	1800000002	2021	2	S	50000.0	670050		
1000	1800000002	2021	3	S	10500.0	175000		
1000	1800000003	2021	1	D	181500.0	140000		
1000	1800000003	2021	2	S	150000.0	670050		
1000	1800000003	2021	3	S	31500.0	175000		
1000	1800000004	2021	1	D	60500.0	140000		
1000	1800000004	2021	2	S	50000.0	670050		
1000	1800000004	2021	3	S	10500.0	175000		
1000	1800000005	2021	1	D	181500.0	140000		
1000	1800000005	2021	2	S	150000.0	670050		
1000	1800000005	2021	3	S	31500.0	175000		
1000	1800000006	2021	1	D	242000.0	140000		
1000	1800000006	2021	2	S	200000.0	670050		
1000	1800000006	2021	3	S	42000.0	175000		
1000	1800000007	2022	1	D	60500.0	140000		
1000	1800000007	2022	2	S	50000.0	670050		
1000	1800000007	2022	3	S	10500.0	175000		
1000	1800000008	2022	1	D	181500.0	140000		
1000	1800000008	2022	2	S	150000.0	670050		
1000	1800000008	2022	3	S	31500.0	175000		
1000	1800000009	2022	1	D	560.0	140000		
1000	1800000009	2022	2	S	513.76	800000		
1000	1800000009	2022	3	S	46.24	175000		
1000	1800000010	2022	1	D	420.0	140000		
1000	1800000010	2022	2	S	385.32	800000		
1000	1800000010	2022	3	S	34.68	175000		
1000	1800000011	2022	1	D	250.0	140000		
1000	1800000011	2022	2	S	229.36	800000		
1000	1800000011	2022	3	S	20.64	175000		
1000	1800000012	2022	1	D	1200.0	140000		
1000	1800000012	2022	2	S	1100.92	800000		
1000	1800000012	2022	3	S	99.08	175000		
1000	1800000013	2022	1	D	870.0	140000		
1000	1800000013	2022	2	S	798.16	800000		
1000	1800000013	2022	3	S	71.84	175000		
1000	1800000014	2022	1	D	160.0	140000		
1000	1800000014	2022	2	S	146.79	800000		
1000	1800000014	2022	3	S	13.21	175000		
1000	1800000015	2022	1	D	300.0	140000		
1000	1800000015	2022	2	S	275.23	800000		
1000	1800000015	2022	3	S	24.77	175000		
1000	1800000016	2022	1	D	140.0	140000		
1000	1800000016	2022	2	S	128.44	800000		
1000	1800000016	2022	3	S	11.56	175000		
1000	1800000017	2022	1	D	50.0	140000		
1000	1800000017	2022	2	S	45.87	800000		
1000	1800000017	2022	3	S	4.13	175000		
1000	1800000018	2022	1	D	100.0	140000		
1000	1800000018	2022	2	S	91.74	800000		
1000	1800000018	2022	3	S	8.26	175000		
1000	1800000019	2022	1	D	15000.0	140000		
1000	1800000019	2022	2	S	13761.47	800000		
1000	1800000019	2022	3	S	1238.53	175000		
1000	1800000020	2022	1	D	3570.0	140000		
1000	1800000020	2022	2	S	3275.23	800000		
1000	1800000020	2022	3	S	294.77	175000		
1000	1800000021	2022	1	D	780.0	140000		
1000	1800000021	2022	2	S	715.6	800000		
1000	1800000021	2022	3	S	64.4	175000		
1000	1800000022	2022	1	D	1210.0	140000		
1000	1800000022	2022	2	S	1000.0	800000		
1000	1800000022	2022	3	S	210.0	175000		
1000	1800000023	2022	1	D	560.0	140000		
1000	1800000023	2022	2	S	513.76	800000		
1000	1800000023	2022	3	S	46.24	175000		
1000	1800000024	2022	1	D	850.0	140000		
1000	1800000024	2022	2	S	779.82	800000		
1000	1800000024	2022	3	S	70.18	175000		
1000	1800000025	2022	1	D	50.0	140000		
1000	1800000025	2022	2	S	45.87	800000		
1000	1800000025	2022	3	S	4.13	175000		
1000	1800000026	2022	1	D	650.0	140000		
1000	1800000026	2022	2	S	596.33	800000		
1000	1800000026	2022	3	S	53.67	175000		
1000	1800000027	2022	1	D	100.0	140000		
1000	1800000027	2022	2	S	91.74	800000		
1000	1800000027	2022	3	S	8.26	175000		
1000	1800000028	2022	1	D	200.0	140000		
1000	1800000028	2022	2	S	183.49	800000		
1000	1800000028	2022	3	S	16.51	175000		
1000	1800000029	2022	1	D	500.0	140000		
1000	1800000029	2022	2	S	458.72	800000		
1000	1800000029	2022	3	S	41.28	175000		
1000	1800000030	2022	1	D	850.0	140000		
1000	1800000030	2022	2	S	779.82	800000		
1000	1800000030	2022	3	S	70.18	175000		
1000	1800000031	2022	1	D	1500.0	140000		
1000	1800000031	2022	2	S	1376.15	800000		
1000	1800000031	2022	3	S	123.85	175000		
1000	1800000032	2022	1	D	500.0	140000		
1000	1800000032	2022	2	S	458.72	800000		
1000	1800000032	2022	3	S	41.28	175000		
1000	1800000033	2022	1	D	100.0	140000		
1000	1800000033	2022	2	S	91.74	800000		
1000	1800000033	2022	3	S	8.26	175000		
1000	1800000034	2022	1	D	50.0	140000		
1000	1800000034	2022	2	S	45.87	800000		
1000	1800000034	2022	3	S	4.13	175000		
1000	1800000035	2022	1	D	20.0	140000		
1000	1800000035	2022	2	S	18.35	800000		
1000	1800000035	2022	3	S	1.65	175000		
1000	1800000036	2022	1	D	25.0	140000		
1000	1800000036	2022	2	S	22.94	800000		
1000	1800000036	2022	3	S	2.06	175000		
1000	1800000037	2022	1	D	12000.0	140000		
1000	1800000037	2022	2	S	9917.35	800000		
1000	1800000037	2022	3	S	2082.65	175000		
1000	1800000038	2022	1	D	14520.0	140000		
1000	1800000038	2022	2	S	9917.35	800000		
1000	1800000038	2022	3	S	2520.0	175000		
1000	1800000038	2022	4	S	2082.65	175000		
1000	1800000039	2022	1	D	14520.0	140000		
1000	1800000039	2022	2	S	12000.0	800000		
1000	1800000039	2022	3	S	2520.0	175000		
1000	1900000000	2021	1	K	980.0	160000		
1000	1900000000	2021	2	S	980.0	476900		
1000	1900000001	2021	1	K	2500.0	160000		
1000	1900000001	2021	2	S	2066.11	690100		
1000	1900000001	2021	3	S	433.89	154000		
1000	1900000002	2021	1	K	2500.0	160000		
1000	1900000002	2021	2	S	2500.0	690100		
1000	1900000003	2021	1	K	1200000.0	160000		
1000	1900000003	2021	2	S	1200000.0	670000		
1000	1900000004	2021	1	K	5000000.0	160000		
1000	1900000004	2021	2	S	5000000.0	670000		
1000	1900000006	2021	1	K	1000010.0	160000		
1000	1900000006	2021	2	S	1000010.0	670000		
1000	1900000007	2021	1	K	310000.0	160000		
1000	1900000007	2021	2	S	310000.0	670010		
1000	1900000008	2021	1	K	1000001.0	160000		
1000	1900000008	2021	2	S	1000001.0	670000		
1000	1900000009	2021	1	K	605000.0	160000		
1000	1900000009	2021	2	S	500000.0	670000		
1000	1900000009	2021	3	S	105000.0	154000		
1000	1900000010	2021	1	K	605000.0	160000		
1000	1900000010	2021	2	S	500000.0	670000		
1000	1900000010	2021	3	S	105000.0	154000		
1000	1900000011	2021	1	K	2420000.0	160000		
1000	1900000011	2021	2	S	2000000.0	670010		
1000	1900000011	2021	3	S	420000.0	154000		
1000	1900000012	2021	1	K	2026750.0	160000		
1000	1900000012	2021	2	S	1675000.0	670010		
1000	1900000012	2021	3	S	351750.0	154000		
1000	1900000013	2021	1	K	605000.0	160000		
1000	1900000013	2021	2	S	500000.0	670000		
1000	1900000013	2021	3	S	105000.0	154000		
1000	1900000014	2021	1	K	2420000.0	160000		
1000	1900000014	2021	2	S	2000000.0	670010		
1000	1900000014	2021	3	S	420000.0	154000		
1000	1900000015	2021	1	K	2026750.0	160000		
1000	1900000015	2021	2	S	1675000.0	670020		
1000	1900000015	2021	3	S	351750.0	154000		
1000	1900000016	2021	1	K	605000.0	160000		
1000	1900000016	2021	2	S	500000.0	670000		
1000	1900000016	2021	3	S	105000.0	154000		
1000	1900000017	2021	1	K	2420000.0	160000		
1000	1900000017	2021	2	S	2000000.0	670010		
1000	1900000017	2021	3	S	420000.0	154000		
1000	1900000018	2021	1	K	2026750.0	160000		
1000	1900000018	2021	2	S	1675000.0	670010		
1000	1900000018	2021	3	S	351750.0	154000		
1000	1900000019	2021	1	K	605000.0	160000		
1000	1900000019	2021	2	S	500000.0	670000		
1000	1900000019	2021	3	S	105000.0	154000		
1000	1900000020	2021	1	K	2420000.0	160000		
1000	1900000020	2021	2	S	2000000.0	670010		
1000	1900000020	2021	3	S	420000.0	154000		
1000	1900000021	2021	1	K	2026750.0	160000		
1000	1900000021	2021	2	S	1675000.0	670010		
1000	1900000021	2021	3	S	351750.0	154000		
1000	1900000022	2021	1	K	333506.25	160000		
1000	1900000022	2021	2	S	275625.0	670020		
1000	1900000022	2021	3	S	57881.25	154000		
1000	1900000023	2021	1	K	169702.5	160000		
1000	1900000023	2021	2	S	140250.0	670030		
1000	1900000023	2021	3	S	29452.5	154000		
1000	1900000024	2021	1	K	124281.69	160000		
1000	1900000024	2021	2	S	102712.14	670040		
1000	1900000024	2021	3	S	21569.55	154000		
1000	1900000025	2021	1	K	169702.5	160000		
1000	1900000025	2021	2	S	140250.0	670030		
1000	1900000025	2021	3	S	29452.5	154000		
1000	1900000026	2021	1	K	124281.69	160000		
1000	1900000026	2021	2	S	102712.14	670040		
1000	1900000026	2021	3	S	21569.55	154000		
1000	1900000027	2022	1	K	605000.0	160000		
1000	1900000027	2022	2	S	500000.0	670000		
1000	1900000027	2022	3	S	105000.0	154000		
1000	1900000028	2022	1	K	2420000.0	160000		
1000	1900000028	2022	2	S	2000000.0	670010		
1000	1900000028	2022	3	S	420000.0	154000		
1000	1900000029	2022	1	K	2026750.0	160000		
1000	1900000029	2022	2	S	1675000.0	670010		
1000	1900000029	2022	3	S	351750.0	154000		
1000	1900000030	2021	1	K	1210.0	160000		
1000	1900000030	2021	2	S	1000.0	476900		
1000	1900000030	2021	3	S	210.0	154000		
1000	1900000031	2022	1	K	605000.0	160000		
1000	1900000031	2022	2	S	500000.0	670000		
1000	1900000031	2022	3	S	105000.0	154000		
1000	1900000032	2021	1	K	605000.0	160000		
1000	1900000032	2021	2	S	500000.0	670000		
1000	1900000032	2021	3	S	105000.0	154000		
1000	1900000033	2021	1	K	605000.0	160000		
1000	1900000033	2021	2	S	500000.0	670000		
1000	1900000033	2021	3	S	105000.0	154000		
1000	1900000034	2022	1	K	333506.25	160000		
1000	1900000034	2022	2	S	275625.0	670020		
1000	1900000034	2022	3	S	57881.25	154000		
1000	1900000035	2022	1	K	907500.0	160000		
1000	1900000035	2022	2	S	750000.0	670000		
1000	1900000035	2022	3	S	157500.0	154000		
1000	4900000000	2019	1	M	250.0	303000		
1000	4900000000	2019	2	S	250.0	400020		
1000	4900000001	2019	1	M	2.5	303000		
1000	4900000001	2019	2	S	2.5	403000		
1000	4900000002	2019	1	M	500.0	792000		
1000	4900000002	2019	2	S	500.0	400020		
1000	4900000002	2019	3	M	500.0	792000		
1000	4900000002	2019	4	S	500.0	400020		
1000	4900000002	2019	5	M	89.0	792000		
1000	4900000002	2019	6	S	89.0	400020		
1000	4900000002	2019	7	M	177.0	792000		
1000	4900000002	2019	8	S	177.0	400020		
1000	4900000003	2019	1	M	5.0	792000		
1000	4900000003	2019	2	S	5.0	410000		
1000	4900000004	2019	1	M	5.0	792000		
1000	4900000004	2019	2	S	5.0	410000		
1000	4900000005	2019	1	M	5.0	792000		
1000	4900000005	2019	2	S	5.0	410000		
1000	4900000006	2019	1	M	0.89	792000		
1000	4900000006	2019	2	S	0.89	410000		
1000	4900000007	2019	1	M	15.0	792000		
1000	4900000007	2019	2	S	15.0	410000		
1000	4900000008	2019	1	M	10.0	792000		
1000	4900000008	2019	2	S	10.0	410000		
1000	4900000009	2019	1	M	0.89	792000		
1000	4900000009	2019	2	S	0.89	410000		
1000	4900000010	2019	1	M	10.0	792000		
1000	4900000010	2019	2	S	10.0	410000		
1000	4900000011	2019	1	M	10.0	792000		
1000	4900000011	2019	2	S	10.0	410000		
1000	4900000012	2019	1	M	1.77	792000		
1000	4900000012	2019	2	S	1.77	410000		
1000	4900000013	2019	1	M	5.0	792000		
1000	4900000013	2019	2	S	5.0	410000		
1000	4900000014	2019	1	M	5.0	792000		
1000	4900000014	2019	2	S	5.0	410000		
1000	4900000015	2019	1	M	5.0	792000		
1000	4900000015	2019	2	S	5.0	410000		
1000	4900000016	2020	1	M	1.77	792000		
1000	4900000016	2020	2	S	1.77	410000		
1000	4900000017	2020	1	M	5.0	792000		
1000	4900000017	2020	2	S	5.0	410000		
1000	4900000018	2020	1	M	5.0	792000		
1000	4900000018	2020	2	S	5.0	410000		
1000	4900000019	2020	1	M	5.0	792000		
1000	4900000019	2020	2	S	5.0	410000		
1000	4900000020	2020	1	M	20000.0	792000		
1000	4900000020	2020	2	S	20000.0	799999		
1000	4900000021	2020	1	M	400.0	792000		
1000	4900000021	2020	2	S	400.0	400020		
1000	4900000022	2020	1	M	200.0	792000		
1000	4900000022	2020	2	S	200.0	400020		
1000	4900000023	2020	1	M	1000.0	792000		
1000	4900000023	2020	2	S	1000.0	400020		
1000	4900000024	2020	1	M	1000.0	792000		
1000	4900000024	2020	2	S	1000.0	400020		
1000	4900000025	2020	1	M	200000.0	792000		
1000	4900000025	2020	2	S	200000.0	400020		
1000	4900000026	2020	1	M	1000.0	792000		
1000	4900000026	2020	2	S	1000.0	400020		
1000	4900000027	2020	1	M	200.0	792000		1
1000	4900000027	2020	2	S	200.0	400020		1
1000	4900000028	2020	1	M	200.0	792000		
1000	4900000028	2020	2	S	200.0	400001		
1000	4900000029	2020	1	M	2200.0	792000		
1000	4900000029	2020	2	S	2200.0	400020		
1000	4900000030	2020	1	M	2600.0	792000		
1000	4900000030	2020	2	S	2600.0	400020		
1000	4900000031	2020	1	M	2800.0	792000		
1000	4900000031	2020	2	S	2800.0	400020		
1000	4900000032	2020	1	M	600.0	792000		
1000	4900000032	2020	2	S	600.0	400020		
1000	4900000033	2020	1	M	400.0	792000		
1000	4900000033	2020	2	S	400.0	400020		
1000	4900000034	2020	1	M	200.0	792000		
1000	4900000034	2020	2	S	200.0	400020		
1000	4900000035	2020	1	M	10.0	792000		
1000	4900000035	2020	2	S	10.0	400001		
1000	4900000036	2020	1	M	400.0	792000		
1000	4900000036	2020	2	S	400.0	400020		
1000	4900000037	2020	1	M	400.0	792000		
1000	4900000037	2020	2	S	400.0	400020		
1000	4900000038	2020	1	M	27.19	792000		
1000	4900000038	2020	2	S	27.19	799999		
1000	4900000039	2020	1	M	150.0	790000		
1000	4900000039	2020	2	S	150.0	799999		
1000	4900000040	2020	1	M	75.0	300000		
1000	4900000040	2020	2	S	75.0	399999		
1000	4900000041	2020	1	M	7.5	300000		
1000	4900000041	2020	2	S	7.5	400000		
1000	4900000042	2020	1	M	15.0	790000		
1000	4900000042	2020	2	S	15.0	890000		
1000	4900000043	2020	1	M	271.9	792000		
1000	4900000043	2020	2	S	271.9	893010		
1000	4900000044	2020	1	M	4.0	641001		
1000	4900000044	2020	2	S	4.0	404000		
1000	4900000045	2020	1	M	4.0	641001		
1000	4900000045	2020	2	S	4.0	404000		
1000	4900000046	2020	1	M	3300.0	304002		
1000	4900000046	2020	2	S	3300.0	399999		
1000	4900000047	2020	1	M	1872.0	304002		
1000	4900000047	2020	2	S	1872.0	399999		
1000	4900000048	2020	1	M	800.0	304002		
1000	4900000048	2020	2	S	800.0	399999		
1000	4900000049	2020	1	M	4.0	304002		
1000	4900000049	2020	2	S	4.0	641002		
1000	4900000063	2020	1	M	4.0	304002		
1000	4900000063	2020	2	S	4.0	641002		
1000	4900000069	2020	1	M	200.0	304002		
1000	4900000069	2020	2	S	200.0	641002		
1000	4900000070	2020	1	M	200.0	304002		
1000	4900000070	2020	2	S	200.0	641002		
1000	4900000071	2020	1	M	200.0	304002		
1000	4900000071	2020	2	S	200.0	641002		
1000	4900000072	2020	1	M	200.0	304002		
1000	4900000072	2020	2	S	200.0	641002		
1000	4900000073	2020	1	M	200.0	304002		
1000	4900000073	2020	2	S	200.0	641002		
1000	4900000074	2020	1	M	200.0	304002		
1000	4900000074	2020	2	S	200.0	641002		
1000	4900000075	2020	1	M	200.0	304002		
1000	4900000075	2020	2	S	200.0	641002		
1000	4900000076	2020	1	M	750.0	304002		
1000	4900000076	2020	2	S	750.0	399999		
1000	4900000077	2020	1	M	50.0	304002		
1000	4900000077	2020	2	S	50.0	641002		
1000	4900000078	2020	1	M	5.0	792000		
1000	4900000078	2020	2	S	5.0	410000		
1000	4900000079	2020	1	M	5.0	792000		
1000	4900000079	2020	2	S	5.0	410000		
1000	4900000080	2020	1	M	5.0	792000		
1000	4900000080	2020	2	S	5.0	410000		
1000	4900000081	2020	1	M	5.0	792000		
1000	4900000081	2020	2	S	5.0	410000		
1000	4900000082	2020	1	M	5.0	792000		
1000	4900000082	2020	2	S	5.0	410000		
1000	4900000083	2020	1	M	5.0	792000		
1000	4900000083	2020	2	S	5.0	410000		
1000	4900000084	2020	1	M	5.0	792000		
1000	4900000084	2020	2	S	5.0	410000		
1000	4900000085	2020	1	M	5.0	792000		
1000	4900000085	2020	2	S	5.0	410000		
1000	4900000086	2020	1	M	5.0	792000		
1000	4900000086	2020	2	S	5.0	410000		
1000	4900000088	2020	1	M	5.0	792000		
1000	4900000088	2020	2	S	5.0	410000		
1000	4900000089	2020	1	M	46.5	304002		
1000	4900000089	2020	2	S	46.5	399999		
1000	4900000090	2020	1	M	5.0	792000		
1000	4900000090	2020	2	S	5.0	410000		
1000	4900000091	2020	1	M	5.0	792000		
1000	4900000091	2020	2	S	5.0	410000		
1000	4900000092	2020	1	M	5.0	792000		
1000	4900000092	2020	2	S	5.0	410000		
1000	4900000093	2020	1	M	5.0	792000		
1000	4900000093	2020	2	S	5.0	410000		
1000	4900000094	2020	1	M	5.0	792000		
1000	4900000094	2020	2	S	5.0	410000		
1000	4900000095	2020	1	M	5.0	792000		
1000	4900000095	2020	2	S	5.0	410000		
1000	4900000096	2020	1	M	5.0	792000		
1000	4900000096	2020	2	S	5.0	410000		
1000	4900000097	2020	1	M	5.0	792000		
1000	4900000097	2020	2	S	5.0	410000		
1000	4900000098	2020	1	M	58.0	304002		
1000	4900000098	2020	2	S	58.0	399999		
1000	4900000099	2020	1	M	34.8	304002		
1000	4900000099	2020	2	S	34.8	641002		
1000	4900000100	2020	1	M	68.0	304002		
1000	4900000100	2020	2	S	68.0	399999		
1000	4900000101	2020	1	M	102.0	304002		
1000	4900000101	2020	2	S	102.0	399999		
1000	4900000102	2020	1	M	88.0	304002		
1000	4900000102	2020	2	S	88.0	399999		
1000	4900000103	2020	1	M	550.0	304002		
1000	4900000103	2020	2	S	550.0	399999		
1000	4900000104	2020	1	M	550.0	304002	4500000134	10
1000	4900000104	2020	2	S	550.0	641002	4500000134	10
1000	4900000105	2020	1	M	200.0	304002		
1000	4900000105	2020	2	S	200.0	641002		
1000	4900000106	2020	1	M	550.0	304002		
1000	4900000106	2020	2	S	550.0	641002		
1000	4900000107	2020	1	M	550.0	304002		
1000	4900000107	2020	2	S	550.0	641002		
1000	4900000108	2020	1	M	200.0	304002		
1000	4900000108	2020	2	S	200.0	641002		
1000	4900000109	2020	1	M	200.0	304002		
1000	4900000109	2020	2	S	200.0	641002		
1000	4900000110	2020	1	M	200.0	304002		
1000	4900000110	2020	2	S	200.0	641002		
1000	4900000111	2020	1	M	200.0	304002		
1000	4900000111	2020	2	S	200.0	641002		
1000	4900000112	2020	1	M	200.0	304002		
1000	4900000112	2020	2	S	200.0	641002		
1000	4900000113	2020	1	M	2400.0	304002		
1000	4900000113	2020	2	S	2400.0	399999		
1000	4900000114	2020	1	M	2400.0	304002		
1000	4900000114	2020	2	S	2400.0	399999		
1000	4900000115	2020	1	M	26.4	304002		
1000	4900000115	2020	2	S	26.4	641002		
1000	4900000116	2020	1	M	8.8	304002		
1000	4900000116	2020	2	S	8.8	641002		
1000	4900000117	2020	1	M	17.6	304002		
1000	4900000117	2020	2	S	17.6	641002		
1000	4900000118	2020	1	M	8.8	304002		
1000	4900000118	2020	2	S	8.8	641002		
1000	4900000119	2020	1	M	100.0	304002		
1000	4900000119	2020	2	S	100.0	399999		
1000	4900000120	2020	1	M	2750.0	304002		
1000	4900000120	2020	2	S	2750.0	399999		
1000	4900000121	2020	1	M	68.0	304002		
1000	4900000121	2020	2	S	68.0	399999		
1000	4900000122	2020	1	M	8.8	304002		
1000	4900000122	2020	2	S	8.8	641002		
1000	4900000123	2020	1	M	17.75	304002		
1000	4900000123	2020	2	S	17.75	283000		
1000	4900000123	2020	3	M	9.55	304002		
1000	4900000123	2020	4	S	9.55	283000		
1000	4900000123	2020	5	M	67.6	304002		
1000	4900000123	2020	6	S	67.6	283000		
1000	4900000123	2020	7	M	35.25	304002		
1000	4900000123	2020	8	S	35.25	283000		
1000	4900000124	2020	1	M	100.0	304002	4500000146	10
1000	4900000124	2020	2	S	100.0	641002	4500000146	10
1000	4900000125	2020	1	M	50.0	304002		
1000	4900000125	2020	2	S	50.0	641002		
1000	4900000126	2020	1	M	1000.0	304002		
1000	4900000126	2020	2	S	1000.0	400020		
1000	4900000127	2020	1	M	100.0	304002		
1000	4900000127	2020	2	S	100.0	641002		
1000	4900000128	2020	1	M	50.0	304002		
1000	4900000128	2020	2	S	50.0	641002		
1000	4900000129	2020	1	M	6.8	304002		
1000	4900000129	2020	2	S	6.8	641002		
1000	4900000130	2020	1	M	24.0	304002		
1000	4900000130	2020	2	S	24.0	400020		
1000	4900000131	2020	1	S	24.0	404000		
1000	4900000131	2020	2	M	24.0	304002		
1000	4900000132	2020	1	M	24.0	304002		
1000	4900000132	2020	2	S	24.0	400020		
1000	4900000133	2020	1	S	2.4	404000		
1000	4900000133	2020	2	M	2.4	304002		
1000	4900000134	2020	1	S	2.4	404000		
1000	4900000134	2020	2	M	2.4	304002		
1000	4900000135	2020	1	S	4.8	404000		
1000	4900000135	2020	2	M	4.8	304002		
1000	4900000136	2020	1	M	1420.0	304002		
1000	4900000136	2020	2	S	1420.0	399999		
1000	4900000137	2020	1	M	10000.0	304002		
1000	4900000137	2020	2	S	10000.0	399999		
1000	4900000138	2020	1	M	50.0	304002		
1000	4900000138	2020	2	S	50.0	641002		
1000	4900000138	2020	3	M	7.1	304002		
1000	4900000138	2020	4	S	7.1	641002		
1000	4900000139	2020	1	M	8.0	792000		
1000	4900000139	2020	2	S	8.0	400020		
1000	4900000140	2020	1	M	3.54	792000		
1000	4900000140	2020	2	S	3.54	410000		
1000	4900000141	2020	1	M	5.0	792000		
1000	4900000141	2020	2	S	5.0	410000		
1000	4900000142	2020	1	M	10.0	792000		
1000	4900000142	2020	2	S	10.0	410000		
1000	4900000143	2020	1	M	5.0	792000		
1000	4900000143	2020	2	S	5.0	410000		
1000	4900000144	2020	1	M	10.0	792000		
1000	4900000144	2020	2	S	10.0	410000		
1000	4900000145	2020	1	M	3.54	792000		
1000	4900000145	2020	2	S	3.54	410000		
1000	4900000146	2020	1	M	5.31	792000		
1000	4900000146	2020	2	S	5.31	410000		
1000	4900000147	2020	1	M	5.31	792000		
1000	4900000147	2020	2	S	5.31	410000		
1000	4900000148	2020	1	M	50.0	304002		
1000	4900000148	2020	2	S	50.0	641002		
1000	4900000149	2020	1	M	50.0	304002		
1000	4900000149	2020	2	S	50.0	641002		
1000	4900000150	2020	1	M	8000.0	792000		
1000	4900000150	2020	2	S	8000.0	799999		
1000	4900000151	2021	1	M	6.8	304002		
1000	4900000151	2021	2	S	6.8	641002		
1000	4900000152	2021	1	M	6.8	304002		
1000	4900000152	2021	2	S	6.8	641002		
1000	4900000153	2021	1	M	6.8	304002		
1000	4900000153	2021	2	S	6.8	641002		
1000	4900000154	2021	1	M	250.0	304002		
1000	4900000154	2021	2	S	250.0	399999		
1000	4900000155	2021	1	M	50.0	304002		
1000	4900000155	2021	2	S	50.0	641002		
1000	4900000156	2021	1	M	50.0	304002		
1000	4900000156	2021	2	S	50.0	641002		
1000	4900000157	2021	1	M	6.8	304002		
1000	4900000157	2021	2	S	6.8	641002		
1000	4900000158	2021	1	M	50.0	304002		
1000	4900000158	2021	2	S	50.0	641002		
1000	4900000159	2021	1	M	50.0	304002		
1000	4900000159	2021	2	S	50.0	641002		
1000	4900000160	2021	1	M	50.0	304002		
1000	4900000160	2021	2	S	50.0	641002		
1000	4900000161	2021	1	M	4.0	304002		
1000	4900000161	2021	2	S	4.0	641002		
1000	4900000162	2021	1	M	250.0	304002		
1000	4900000162	2021	2	S	250.0	641002		
1000	4900000163	2021	1	M	23.5	304002		
1000	4900000163	2021	2	S	23.5	283000		
1000	4900000164	2021	1	M	4.0	304002		
1000	4900000164	2021	2	S	4.0	641002		
1000	4900000165	2021	1	M	200.0	304002		
1000	4900000165	2021	2	S	200.0	399999		
1000	4900000166	2021	1	M	34.8	304002		
1000	4900000166	2021	2	S	34.8	399999		
1000	4900000167	2021	1	M	34.8	304002		
1000	4900000167	2021	2	S	34.8	641002		
1000	4900000168	2021	1	M	70.4	304002		
1000	4900000168	2021	2	S	70.4	399999		
1000	4900000169	2021	1	M	50.0	304002		
1000	4900000169	2021	2	S	50.0	641002		
1000	4900000170	2021	1	M	50.0	304002		
1000	4900000170	2021	2	S	50.0	641002		
1000	4900000171	2021	1	M	4.5	300000		
1000	4900000171	2021	2	S	4.5	400020		
1000	4900000172	2021	1	M	401.78	304002		
1000	4900000172	2021	2	S	401.78	641002		
1000	4900000173	2021	1	M	401.78	304002		
1000	4900000173	2021	2	S	401.78	641002		
1000	4900000174	2021	1	M	401.78	304002		
1000	4900000174	2021	2	S	401.78	641002		
1000	4900000175	2021	1	M	401.78	304002		
1000	4900000175	2021	2	S	401.78	641002		
1000	4900000176	2021	1	M	401.78	304002		
1000	4900000176	2021	2	S	401.78	641002		
1000	4900000177	2021	1	M	401.78	304002		
1000	4900000177	2021	2	S	401.78	641002		
1000	4900000178	2021	1	M	401.78	304002		
1000	4900000178	2021	2	S	401.78	641002		
1000	4900000179	2021	1	M	1500.0	300000		
1000	4900000179	2021	2	S	1500.0	400020		
1000	4900000180	2021	1	M	5850.0	300000		
1000	4900000180	2021	2	S	5850.0	400020		
1000	4900000181	2021	1	M	27000.0	300000		
1000	4900000181	2021	2	S	27000.0	400020		
1000	4900000182	2021	1	M	42000.0	300000		
1000	4900000182	2021	2	S	42000.0	400020		
1000	4900000183	2021	1	M	42000.0	300000		
1000	4900000183	2021	2	S	42000.0	400020		
1000	4900000184	2021	1	M	18000.0	300000		
1000	4900000184	2021	2	S	18000.0	400020		
1000	4900000185	2021	1	M	7.5	300000		
1000	4900000185	2021	2	S	7.5	400000		
1000	4900000186	2021	1	M	6120.0	300000		
1000	4900000186	2021	2	S	6120.0	400000		
1000	4900000187	2021	1	M	1260.0	300000		
1000	4900000187	2021	2	S	1260.0	400000		
1000	4900000188	2021	1	M	8107.5	792000		
1000	4900000188	2021	2	S	8107.5	893010		
1000	4900000188	2021	3	M	7604.5	792000		
1000	4900000188	2021	4	S	7604.5	893010		
1000	4900000188	2021	5	M	8280.1	792000		
1000	4900000188	2021	6	S	8280.1	893010		
1000	4900000188	2021	7	M	6168.16	792000		
1000	4900000188	2021	8	S	6168.16	893010		
1000	4900000189	2021	1	M	8107.5	792000		
1000	4900000189	2021	2	S	8107.5	893010		
1000	4900000189	2021	3	M	7604.5	792000		
1000	4900000189	2021	4	S	7604.5	893010		
1000	4900000189	2021	5	M	8280.1	792000		
1000	4900000189	2021	6	S	8280.1	893010		
1000	4900000189	2021	7	M	6168.16	792000		
1000	4900000189	2021	8	S	6168.16	893010		
1000	4900000190	2021	1	M	8107.5	792000		
1000	4900000190	2021	2	S	8107.5	893010		
1000	4900000190	2021	3	M	7604.5	792000		
1000	4900000190	2021	4	S	7604.5	893010		
1000	4900000190	2021	5	M	8280.1	792000		
1000	4900000190	2021	6	S	8280.1	893010		
1000	4900000190	2021	7	M	6168.16	792000		
1000	4900000190	2021	8	S	6168.16	893010		
1000	4900000191	2021	1	M	8107.5	792000		
1000	4900000191	2021	2	S	8107.5	892000		
1000	4900000191	2021	3	M	7604.5	792000		
1000	4900000191	2021	4	S	7604.5	892000		
1000	4900000191	2021	5	M	8280.1	792000		
1000	4900000191	2021	6	S	8280.1	892000		
1000	4900000191	2021	7	M	6168.16	792000		
1000	4900000191	2021	8	S	6168.16	892000		
1000	4900000192	2021	1	M	7.5	300000		
1000	4900000192	2021	2	S	7.5	400000		
1000	4900000193	2021	1	M	6120.0	300000		
1000	4900000193	2021	2	S	6120.0	400000		
1000	4900000194	2021	1	M	300.0	300000		
1000	4900000194	2021	2	S	300.0	400020		
1000	4900000195	2021	1	M	60.0	300000		
1000	4900000195	2021	2	S	60.0	400000		
1000	4900000196	2021	1	M	7.5	300000		
1000	4900000196	2021	2	S	7.5	400000		
1000	4900000197	2021	1	M	7.5	300000		
1000	4900000197	2021	2	S	7.5	400000		
1000	4900000198	2021	1	M	900.0	300000		
1000	4900000198	2021	2	S	900.0	400000		
1000	4900000199	2021	1	M	120.0	300000		
1000	4900000199	2021	2	S	120.0	400000		
1000	4900000200	2021	1	M	350.0	300000		
1000	4900000200	2021	2	S	350.0	399999		
1000	4900000201	2021	1	M	217.52	792000		
1000	4900000201	2021	2	S	217.52	799999		
1000	4900000202	2021	1	M	5.25	304002		
1000	4900000202	2021	2	S	5.25	399999		
1000	4900000203	2021	1	M	5.25	304002		
1000	4900000203	2021	2	S	5.25	641002		
1000	4900000204	2021	1	M	100.0	304002		
1000	4900000204	2021	2	S	100.0	641002		
1000	4900000205	2021	1	M	50.0	304002		
1000	4900000205	2021	2	S	50.0	641002		
1000	4900000206	2021	1	M	50.0	304002		
1000	4900000206	2021	2	S	50.0	641002		
1000	4900000207	2021	1	M	100.0	304002		
1000	4900000207	2021	2	S	100.0	641002		
1000	4900000207	2021	3	M	100.0	304002		
1000	4900000207	2021	4	S	100.0	641002		
1000	4900000208	2021	1	M	50.0	304002		
1000	4900000208	2021	2	S	50.0	641002		
1000	4900000209	2021	1	M	401.78	304002		
1000	4900000209	2021	2	S	401.78	641002		
1000	4900000210	2021	1	M	401.78	304002		
1000	4900000210	2021	2	S	401.78	641002		
1000	4900000211	2021	1	M	401.78	304002		
1000	4900000211	2021	2	S	401.78	641002		
1000	4900000212	2021	1	M	425.28	304002		
1000	4900000212	2021	2	S	425.28	641002		
1000	4900000213	2021	1	M	200.0	304002		
1000	4900000213	2021	2	S	200.0	641002		
1000	4900000214	2021	1	M	200.0	304002		
1000	4900000214	2021	2	S	200.0	641002		
1000	4900000215	2021	1	M	431.58	304002		
1000	4900000215	2021	2	S	431.58	641002		
1000	4900000216	2021	1	M	4.0	304002		
1000	4900000216	2021	2	S	4.0	641002		
1000	4900000217	2021	1	M	100.0	304002		
1000	4900000217	2021	2	S	100.0	641002		
1000	4900000218	2021	1	M	200.0	304002		
1000	4900000218	2021	2	S	200.0	641002		
1000	4900000219	2021	1	M	200.0	304002		
1000	4900000219	2021	2	S	200.0	641002		
1000	4900000220	2021	1	M	460.68	304002		
1000	4900000220	2021	2	S	460.68	641002		
1000	4900000221	2021	1	M	1200.0	304002		
1000	4900000221	2021	2	S	1200.0	641002		
1000	4900000222	2021	1	M	200.0	304002		
1000	4900000222	2021	2	S	200.0	641002		
1000	4900000223	2021	1	M	200.0	304002		
1000	4900000223	2021	2	S	200.0	641002		
1000	4900000224	2021	1	M	460.68	304002		
1000	4900000224	2021	2	S	460.68	641002		
1000	4900000225	2021	1	M	300.0	304002		
1000	4900000225	2021	2	S	300.0	399999		
1000	4900000226	2021	1	M	15.0	304002		
1000	4900000226	2021	2	S	15.0	641002		
1000	4900000228	2021	1	M	4500.0	792000		
1000	4900000228	2021	2	S	4500.0	799999		
1000	4900000229	2021	1	M	7500.0	792000		
1000	4900000229	2021	2	S	7500.0	799999		
1000	4900000230	2021	1	M	1500.0	792000		
1000	4900000230	2021	2	S	1500.0	799999		
1000	4900000234	2021	1	M	50.0	304002		
1000	4900000234	2021	2	S	50.0	641002		
1000	4900000235	2021	1	M	6.8	304002		
1000	4900000235	2021	2	S	6.8	641002		
1000	4900000236	2021	1	M	6.8	304002		
1000	4900000236	2021	2	S	6.8	641002		
1000	4900000236	2021	3	M	50.0	304002		
1000	4900000236	2021	4	S	50.0	641002		
1000	4900000237	2021	1	M	40.0	304002		
1000	4900000237	2021	2	S	40.0	641002		
1000	4900000238	2021	1	M	4.0	304002		
1000	4900000238	2021	2	S	4.0	641002		
1000	4900000239	2021	1	M	200.0	304002		
1000	4900000239	2021	2	S	200.0	641002		
1000	4900000240	2021	1	M	200.0	304002		
1000	4900000240	2021	2	S	200.0	641002		
1000	4900000241	2021	1	M	460.68	304002		
1000	4900000241	2021	2	S	460.68	641002		
1000	4900000242	2021	1	M	6.8	304002		
1000	4900000242	2021	2	S	6.8	641002		
1000	4900000243	2021	1	M	6.8	304002		
1000	4900000243	2021	2	S	6.8	641002		
1000	4900000244	2021	1	M	50.0	304002		
1000	4900000244	2021	2	S	50.0	641002		
1000	4900000244	2021	3	M	6.8	304002		
1000	4900000244	2021	4	S	6.8	641002		
1000	4900000245	2021	1	M	4.65	304002		
1000	4900000245	2021	2	S	4.65	641002		
1000	4900000246	2021	1	M	50.0	304002		
1000	4900000246	2021	2	S	50.0	641002		
1000	4900000247	2021	1	M	50.0	304002		
1000	4900000247	2021	2	S	50.0	641002		
1000	4900000248	2021	1	M	75.0	304002		
1000	4900000248	2021	2	S	75.0	641002		
1000	4900000249	2021	1	M	20.0	304002		
1000	4900000249	2021	2	S	20.0	641002		
1000	4900000250	2021	1	M	550.0	304002		
1000	4900000250	2021	2	S	550.0	641002		
1000	4900000251	2021	1	M	7000.0	304002		
1000	4900000251	2021	2	S	7000.0	399999		
1000	4900000252	2021	1	M	70.0	304002		
1000	4900000252	2021	2	S	70.0	641002		
1000	4900000253	2021	1	M	70.0	304002		
1000	4900000253	2021	2	S	70.0	641002		
1000	4900000254	2021	1	M	70.0	304002		
1000	4900000254	2021	2	S	70.0	641002		
1000	4900000255	2022	1	M	100.0	304002		
1000	4900000255	2022	2	S	100.0	641002		
1000	4900000256	2022	1	M	2.85	304002		
1000	4900000256	2022	2	S	2.85	399999		
1000	4900000257	2022	1	M	4.25	304002		
1000	4900000257	2022	2	S	4.25	399999		
1000	4900000258	2022	1	M	5.25	304002		
1000	4900000258	2022	2	S	5.25	399999		
1000	4900000259	2022	1	M	24.0	304002		
1000	4900000259	2022	2	S	24.0	399999		
1000	4900000260	2022	1	M	24.0	304002		
1000	4900000260	2022	2	S	24.0	399999		
1000	4900000261	2022	1	M	6.8	304002		
1000	4900000261	2022	2	S	6.8	400020		
1000	4900000262	2022	1	M	2.0	304002		
1000	4900000262	2022	2	S	2.0	399999		
1000	4900000263	2022	1	M	10000.0	792000		
1000	4900000263	2022	2	S	10000.0	799999		
1000	4900000264	2022	1	M	4.0	304002		
1000	4900000264	2022	2	S	4.0	641002		
1000	4900000265	2022	1	M	100.0	792000		
1000	4900000265	2022	2	S	100.0	410000		
1000	4900000266	2022	1	M	200.0	792000		
1000	4900000266	2022	2	S	200.0	400020		
1000	4900000267	2022	1	M	2.6	304002		
1000	4900000267	2022	2	S	2.6	400020		
1000	4900000268	2022	1	M	2.85	304002		
1000	4900000268	2022	2	S	2.85	400020		
1000	4900000269	2022	1	M	50.0	304002		
1000	4900000269	2022	2	S	50.0	641002		
1000	4900000270	2022	1	M	10.0	792000		
1000	4900000270	2022	2	S	10.0	400020		
1000	4900000271	2022	1	M	4.0	304002		
1000	4900000271	2022	2	S	4.0	400020		
1000	4900000272	2022	1	M	10000.0	792000		
1000	4900000272	2022	2	S	10000.0	400020		
1000	4900000273	2022	1	M	100.0	792000		
1000	4900000273	2022	2	S	100.0	400020		
1000	4900000274	2022	1	M	50.0	304002		
1000	4900000274	2022	2	S	50.0	641002		
1000	4900000274	2022	3	M	100.0	304002		
1000	4900000274	2022	4	S	100.0	641002		
1000	4900000275	2022	1	M	50.0	304002		
1000	4900000275	2022	2	S	50.0	641002		
1000	4900000276	2022	1	M	50.0	304002		
1000	4900000276	2022	2	S	50.0	641002		
1000	4900000277	2022	1	M	1.0	792000		
1000	4900000277	2022	2	S	1.0	410000		
1000	4900000278	2022	1	M	5.0	792000		
1000	4900000278	2022	2	S	5.0	410000		
1000	4900000279	2022	1	M	6.5	792000		
1000	4900000279	2022	2	S	6.5	410000		
1000	4900000280	2022	1	M	1.5	792000		
1000	4900000280	2022	2	S	1.5	410000		
1000	4900000281	2022	1	M	10.2	304002		
1000	4900000281	2022	2	S	10.2	641002		
1000	4900000281	2022	3	M	510.0	304002		
1000	4900000281	2022	4	S	510.0	641002		
1000	4900000282	2022	1	M	10.2	304002		
1000	4900000282	2022	2	S	10.2	641002		
1000	4900000283	2022	1	M	1.0	792000		
1000	4900000283	2022	2	S	1.0	410000		
1000	4900000284	2022	1	M	1.5	792000		
1000	4900000284	2022	2	S	1.5	410000		
1000	4900000285	2022	1	M	1.0	792000		
1000	4900000285	2022	2	S	1.0	410000		
1000	4900000286	2022	1	M	1.0	792000		
1000	4900000286	2022	2	S	1.0	410000		
1000	4900000287	2022	1	M	0.5	792000		
1000	4900000287	2022	2	S	0.5	410000		
1000	4900000288	2022	1	M	1.0	792000		
1000	4900000288	2022	2	S	1.0	410000		
1000	4900000289	2022	1	M	0.5	792000		
1000	4900000289	2022	2	S	0.5	410000		
1000	4900000290	2022	1	M	1.0	792000		
1000	4900000290	2022	2	S	1.0	410000		
1000	4900000291	2022	1	M	100.0	792000		
1000	4900000291	2022	2	S	100.0	410000		
1000	4900000292	2022	1	M	0.5	792000		
1000	4900000292	2022	2	S	0.5	410000		
1000	4900000293	2022	1	M	100.0	792000		
1000	4900000293	2022	2	S	100.0	410000		
1000	4900000294	2022	1	M	0.5	792000		
1000	4900000294	2022	2	S	0.5	410000		
1000	4900000295	2022	1	M	100.0	792000		
1000	4900000295	2022	2	S	100.0	410000		
1000	4900000296	2022	1	M	100.0	792000		
1000	4900000296	2022	2	S	100.0	410000		
1000	4900000297	2022	1	M	100.0	792000		
1000	4900000297	2022	2	S	100.0	410000		
1000	4900000298	2022	1	M	800.0	304002		
1000	4900000298	2022	2	S	800.0	399999		
1000	4900000299	2022	1	M	4.0	304002		
1000	4900000299	2022	2	S	4.0	641002		
1000	4900000299	2022	3	M	6.8	304002		
1000	4900000299	2022	4	S	6.8	641002		
1000	4900000300	2022	1	M	0.5	792000		
1000	4900000300	2022	2	S	0.5	410000		
1000	4900000301	2022	1	M	100.0	792000		
1000	4900000301	2022	2	S	100.0	410000		
1000	4900000302	2022	1	M	0.5	792000		
1000	4900000302	2022	2	S	0.5	410000		
1000	4900000303	2022	1	M	100.0	792000		
1000	4900000303	2022	2	S	100.0	410000		
1000	4900000304	2022	1	M	100.0	792000		
1000	4900000304	2022	2	S	100.0	410000		
1000	4900000305	2022	1	M	1.0	792000		
1000	4900000305	2022	2	S	1.0	410000		
1000	4900000306	2022	1	M	100.0	792000		
1000	4900000306	2022	2	S	100.0	410000		
1000	4900000307	2022	1	M	0.5	792000		
1000	4900000307	2022	2	S	0.5	410000		
1000	4900000308	2022	1	M	0.5	792000		
1000	4900000308	2022	2	S	0.5	410000		
1000	4900000309	2022	1	M	100.0	792000		
1000	4900000309	2022	2	S	100.0	410000		
1000	4900000310	2022	1	M	100.0	792000		
1000	4900000310	2022	2	S	100.0	410000		
1000	4900000311	2022	1	M	100.0	792000		
1000	4900000311	2022	2	S	100.0	410000		
1000	4900000312	2022	1	M	100.0	792000		
1000	4900000312	2022	2	S	100.0	410000		
1000	4900000313	2022	1	M	1.0	792000		
1000	4900000313	2022	2	S	1.0	410000		
1000	4900000314	2022	1	M	3300.0	304002		
1000	4900000314	2022	2	S	3300.0	400020		
1000	4900000315	2022	1	M	400.0	792000		
1000	4900000315	2022	2	S	400.0	410000		
1000	4900000316	2022	1	M	100.0	792000		
1000	4900000316	2022	2	S	100.0	410000		
1000	4900000317	2022	1	M	1000.0	304002		
1000	4900000317	2022	2	S	1000.0	400020		
1000	4900000318	2022	1	M	48.5	792000		
1000	4900000318	2022	2	S	48.5	400020		
1000	4900000319	2022	1	M	100.0	792000		
1000	4900000319	2022	2	S	100.0	410000		
1000	4900000320	2022	1	M	2.67	792000		
1000	4900000320	2022	2	S	2.67	410000		
1000	4900000321	2022	1	M	2.67	792000		
1000	4900000321	2022	2	S	2.67	410000		
1000	4900000322	2022	1	M	4.45	792000		
1000	4900000322	2022	2	S	4.45	410000		
1000	4900000324	2022	1	M	100.0	792000		
1000	4900000324	2022	2	S	100.0	410000		
1000	4900000325	2022	1	M	200.0	792000		
1000	4900000325	2022	2	S	200.0	410000		
1000	4900000326	2022	1	M	5.0	792000		
1000	4900000326	2022	2	S	5.0	410000		
1000	4900000327	2022	1	M	5.0	792000		
1000	4900000327	2022	2	S	5.0	410000		
1000	4900000328	2022	1	M	0.89	792000		
1000	4900000328	2022	2	S	0.89	410000		
1000	4900000329	2022	1	M	100.0	792000		
1000	4900000329	2022	2	S	100.0	410000		
1000	4900000330	2022	1	M	100.0	792000		
1000	4900000330	2022	2	S	100.0	410000		
1000	4900000331	2022	1	M	200.0	792000		
1000	4900000331	2022	2	S	200.0	410000		
1000	4900000332	2022	1	M	2566.67	792000		
1000	4900000332	2022	2	S	2566.67	410000		
1000	4900000333	2022	1	M	5.0	792000		
1000	4900000333	2022	2	S	5.0	410000		
1000	4900000334	2022	1	M	5.0	792000		
1000	4900000334	2022	2	S	5.0	410000		
1000	4900000335	2022	1	M	100.0	792000		
1000	4900000335	2022	2	S	100.0	410000		
1000	4900000336	2022	1	M	100.0	792000		
1000	4900000336	2022	2	S	100.0	410000		
1000	4900000337	2022	1	M	100.0	792000		
1000	4900000337	2022	2	S	100.0	410000		
1000	4900000338	2022	1	M	200.0	304002		
1000	4900000338	2022	2	S	200.0	400020		
1000	4900000339	2022	1	M	300.0	304002		
1000	4900000339	2022	2	S	300.0	400020		
1000	4900000340	2022	1	M	8.0	304002		
1000	4900000340	2022	2	S	8.0	641002		
1000	4900000341	2022	1	M	6.0	304002		
1000	4900000341	2022	2	S	6.0	641002		
1000	4900000342	2022	1	M	4.0	304002		
1000	4900000342	2022	2	S	4.0	641002		
1000	4900000343	2022	1	M	4.0	304002		
1000	4900000343	2022	2	S	4.0	641002		
1000	4900000344	2022	1	M	8.0	304002		
1000	4900000344	2022	2	S	8.0	641002		
1000	4900000345	2022	1	M	1000.0	792000		
1000	4900000345	2022	2	S	1000.0	400020		
1000	4900000346	2022	1	M	41.67	792000		
1000	4900000346	2022	2	S	41.67	410000		
1000	4900000347	2022	1	M	41.67	792000		
1000	4900000347	2022	2	S	41.67	410000		
1000	4900000348	2023	1	M	222.75	792000		
1000	4900000348	2023	2	S	222.75	892000		
1000	4900000349	2023	1	M	660.0	304002		
1000	4900000349	2023	2	S	660.0	641002		
1000	4900000350	2023	1	M	660.0	304002		
1000	4900000350	2023	2	S	660.0	641002		
1000	4900000351	2023	1	M	4.0	304002		
1000	4900000351	2023	2	S	4.0	641002		
1000	4900000352	2023	1	M	4.0	304002		
1000	4900000352	2023	2	S	4.0	641002		
1000	4900000353	2023	1	M	8.0	304002		
1000	4900000353	2023	2	S	8.0	641002		
1000	4900000354	2023	1	M	4.0	304002		
1000	4900000354	2023	2	S	4.0	641002		
1000	4900000355	2023	1	M	550.0	304002		
1000	4900000355	2023	2	S	550.0	400020		
1000	4900000356	2023	1	M	100.0	304002		
1000	4900000356	2023	2	S	100.0	641002		
1000	4900000357	2024	1	M	4.0	304002		
1000	4900000357	2024	2	S	4.0	641002		
1000	4900000358	2024	1	M	4.0	304002		
1000	4900000358	2024	2	S	4.0	641002		
1000	4900000359	2024	1	M	2100.0	304002		
1000	4900000359	2024	2	S	2100.0	400020		
1000	4900000363	2024	1	M	78.0	300000		
1000	4900000363	2024	2	S	78.0	400020		
1000	4900000364	2024	1	M	12.0	300000		
1000	4900000364	2024	2	S	12.0	400020		
1000	4900000365	2024	1	M	260.0	300000		
1000	4900000365	2024	2	S	260.0	400020		
1000	4900000366	2024	1	M	30.0	300000		
1000	4900000366	2024	2	S	30.0	400020		
1000	4900000367	2024	1	M	195.0	300000		
1000	4900000367	2024	2	S	195.0	400020		
1000	4900000368	2024	1	M	0.2	300000		
1000	4900000368	2024	2	S	0.2	400000		
1000	4900000369	2024	1	M	1.3	300000		
1000	4900000369	2024	2	S	1.3	400000		
1000	4900000370	2024	1	M	6.5	300000		
1000	4900000370	2024	2	S	6.5	400000		
1000	4900000371	2024	1	M	20.0	300000		
1000	4900000371	2024	2	S	20.0	399999		
1000	4900000371	2024	3	M	1200.0	300000		
1000	4900000371	2024	4	S	1200.0	399999		
1000	4900000371	2024	5	M	1500.0	300000		
1000	4900000371	2024	6	S	1500.0	399999		
1000	4900000371	2024	7	M	1500.0	300000		
1000	4900000371	2024	8	S	1500.0	399999		
1000	4900000371	2024	9	M	1500.0	300000		
1000	4900000371	2024	10	S	1500.0	399999		
1000	4900000371	2024	11	M	70.0	300000		
1000	4900000371	2024	12	S	70.0	399999		
1000	4900000372	2024	1	M	400.0	300000		
1000	4900000372	2024	2	S	400.0	399999		
1000	4900000372	2024	3	M	24000.0	300000		
1000	4900000372	2024	4	S	24000.0	399999		
1000	4900000372	2024	5	M	30000.0	300000		
1000	4900000372	2024	6	S	30000.0	399999		
1000	4900000372	2024	7	M	30000.0	300000		
1000	4900000372	2024	8	S	30000.0	399999		
1000	4900000372	2024	9	M	30000.0	300000		
1000	4900000372	2024	10	S	30000.0	399999		
1000	4900000372	2024	11	M	1400.0	300000		
1000	4900000372	2024	12	S	1400.0	399999		
1000	4900000373	2024	1	M	1200.0	300000		
1000	4900000373	2024	2	S	1200.0	400000		
1000	4900000374	2024	1	M	60.0	300000		
1000	4900000374	2024	2	S	60.0	400000		
1000	4900000375	2024	1	M	1500.0	300000		
1000	4900000375	2024	2	S	1500.0	400000		
1000	4900000376	2024	1	M	70.0	300000		
1000	4900000376	2024	2	S	70.0	400000		
1000	4900000377	2024	1	M	600.0	300000		
1000	4900000377	2024	2	S	600.0	400000		
1000	4900000378	2024	1	M	30.0	300000		
1000	4900000378	2024	2	S	30.0	400000		
1000	4900000379	2024	1	M	750.0	300000		
1000	4900000379	2024	2	S	750.0	400000		
1000	4900000380	2024	1	M	35.0	300000		
1000	4900000380	2024	2	S	35.0	400000		
1000	4900000381	2024	1	M	50.0	304002		
1000	4900000381	2024	2	S	50.0	641002		
1000	4900000382	2024	1	M	600.0	300000		
1000	4900000382	2024	2	S	600.0	400000		
1000	4900000383	2024	1	M	30.0	300000		
1000	4900000383	2024	2	S	30.0	400000		
1000	4900000384	2024	1	M	750.0	300000		
1000	4900000384	2024	2	S	750.0	400000		
1000	4900000385	2024	1	M	35.0	300000		
1000	4900000385	2024	2	S	35.0	400000		
1000	4900000386	2024	1	M	12.0	300000		
1000	4900000386	2024	2	S	12.0	400000		
1000	4900000387	2024	1	M	0.6	300000		
1000	4900000387	2024	2	S	0.6	400000		
1000	4900000388	2024	1	M	15.0	300000		
1000	4900000388	2024	2	S	15.0	400000		
1000	4900000389	2024	1	M	0.7	300000		
1000	4900000389	2024	2	S	0.7	400000		
1000	4900000390	2024	1	M	12.0	300000		
1000	4900000390	2024	2	S	12.0	400000		
1000	4900000391	2024	1	M	0.6	300000		
1000	4900000391	2024	2	S	0.6	400000		
1000	4900000392	2024	1	M	15.0	300000		
1000	4900000392	2024	2	S	15.0	400000		
1000	4900000393	2024	1	M	0.7	300000		
1000	4900000393	2024	2	S	0.7	400000		
1000	4900000394	2024	1	M	12.0	300000		
1000	4900000394	2024	2	S	12.0	400000		
1000	4900000395	2024	1	M	0.6	300000		
1000	4900000395	2024	2	S	0.6	400000		
1000	4900000396	2024	1	M	15.0	300000		
1000	4900000396	2024	2	S	15.0	400000		
1000	4900000397	2024	1	M	0.7	300000		
1000	4900000397	2024	2	S	0.7	400000		
1000	4900000398	2024	1	M	12.0	300000		
1000	4900000398	2024	2	S	12.0	400000		
1000	4900000399	2024	1	M	0.6	300000		
1000	4900000399	2024	2	S	0.6	400000		
1000	4900000400	2024	1	M	15.0	300000		
1000	4900000400	2024	2	S	15.0	400000		
1000	4900000401	2024	1	M	0.7	300000		
1000	4900000401	2024	2	S	0.7	400000		
1000	4900000402	2024	1	M	12.0	300000		
1000	4900000402	2024	2	S	12.0	400000		
1000	4900000403	2024	1	M	0.6	300000		
1000	4900000403	2024	2	S	0.6	400000		
1000	4900000404	2024	1	M	12.0	300000		
1000	4900000404	2024	2	S	12.0	400000		
1000	4900000405	2024	1	M	0.6	300000		
1000	4900000405	2024	2	S	0.6	400000		
1000	4900000406	2024	1	M	15.0	300000		
1000	4900000406	2024	2	S	15.0	400000		
1000	4900000407	2024	1	M	0.7	300000		
1000	4900000407	2024	2	S	0.7	400000		
1000	4900000408	2024	1	M	350.0	792000		
1000	4900000408	2024	2	S	350.0	895000		
1000	4900000409	2024	1	M	12.0	300000		
1000	4900000409	2024	2	S	12.0	400000		
1000	4900000410	2024	1	M	0.6	300000		
1000	4900000410	2024	2	S	0.6	400000		
1000	4900000411	2024	1	M	350.0	792000		
1000	4900000411	2024	2	S	350.0	895000		
1000	4900000412	2024	1	M	7000.0	792000		
1000	4900000412	2024	2	S	7000.0	893010		
1000	4900000413	2024	1	M	350.0	792000		
1000	4900000413	2024	2	S	350.0	892000		
1000	4900000414	2024	1	M	350.0	792000		
1000	4900000414	2024	2	S	350.0	895000		
1000	4900000415	2024	1	M	350.0	792000		
1000	4900000415	2024	2	S	350.0	895000		
1000	4900000416	2024	1	M	2.6	300000		
1000	4900000416	2024	2	S	2.6	400000		
1000	4900000417	2024	1	M	0.4	300000		
1000	4900000417	2024	2	S	0.4	400000		
1000	4900000418	2024	1	M	0.4	300000		
1000	4900000418	2024	2	S	0.4	400000		
1000	4900000419	2024	1	M	0.4	300000		
1000	4900000419	2024	2	S	0.4	400000		
1000	4900000420	2024	1	M	2.6	300000		
1000	4900000420	2024	2	S	2.6	400000		
1000	4900000421	2024	1	M	0.4	300000		
1000	4900000421	2024	2	S	0.4	400000		
1000	4900000422	2024	1	M	2.6	300000		
1000	4900000422	2024	2	S	2.6	400000		
1000	4900000423	2024	1	M	0.4	300000		
1000	4900000423	2024	2	S	0.4	400000		
1000	4900000424	2024	1	M	2.6	300000		
1000	4900000424	2024	2	S	2.6	400000		
1000	4900000425	2024	1	M	0.4	300000		
1000	4900000425	2024	2	S	0.4	400000		
1000	4900000426	2024	1	M	0.4	300000		
1000	4900000426	2024	2	S	0.4	400000		
1000	4900000427	2024	1	M	2.6	300000		
1000	4900000427	2024	2	S	2.6	400000		
1000	4900000428	2024	1	M	2.6	300000		
1000	4900000428	2024	2	S	2.6	400000		
1000	4900000429	2024	1	M	0.4	300000		
1000	4900000429	2024	2	S	0.4	400000		
1000	4900000430	2024	1	M	2.6	300000		
1000	4900000430	2024	2	S	2.6	400000		
1000	4900000431	2024	1	M	0.4	300000		
1000	4900000431	2024	2	S	0.4	400000		
1000	4900000432	2024	1	M	2.6	300000		
1000	4900000432	2024	2	S	2.6	400000		
1000	4900000433	2024	1	M	350.0	792000		
1000	4900000433	2024	2	S	350.0	895000		
1000	4900000433	2024	3	M	350.0	792000		
1000	4900000433	2024	4	S	350.0	895000		
1000	4900000433	2024	5	M	350.0	792000		
1000	4900000433	2024	6	S	350.0	895000		
1000	4900000434	2024	1	M	24.0	300000		
1000	4900000434	2024	2	S	24.0	400000		
1000	4900000435	2024	1	M	1.2	300000		
1000	4900000435	2024	2	S	1.2	400000		
1000	4900000436	2024	1	M	700.0	792000		
1000	4900000436	2024	2	S	700.0	895000		
1000	4900000437	2024	1	M	12.0	300000		
1000	4900000437	2024	2	S	12.0	400000		
1000	4900000438	2024	1	M	0.6	300000		
1000	4900000438	2024	2	S	0.6	400000		
1000	4900000439	2024	1	M	350.0	792000		
1000	4900000439	2024	2	S	350.0	895000		
1000	4900000440	2024	1	M	12.0	300000		
1000	4900000440	2024	2	S	12.0	400000		
1000	4900000441	2024	1	M	0.6	300000		
1000	4900000441	2024	2	S	0.6	400000		
1000	4900000442	2024	1	M	350.0	792000		
1000	4900000442	2024	2	S	350.0	895000		
1000	4900000443	2024	1	M	350.0	792000		
1000	4900000443	2024	2	S	350.0	895000		
1000	4900000444	2024	1	M	350.0	792000		
1000	4900000444	2024	2	S	350.0	895000		
1000	4900000445	2024	1	M	350.0	792000		
1000	4900000445	2024	2	S	350.0	895000		
1000	4900000446	2024	1	M	350.0	792000		
1000	4900000446	2024	2	S	350.0	895000		
1000	4900000447	2024	1	M	12.0	300000		
1000	4900000447	2024	2	S	12.0	400000		
1000	4900000448	2024	1	M	0.6	300000		
1000	4900000448	2024	2	S	0.6	400000		
1000	4900000449	2024	1	M	12.0	300000		
1000	4900000449	2024	2	S	12.0	400000		
1000	4900000450	2024	1	M	0.6	300000		
1000	4900000450	2024	2	S	0.6	400000		
1000	4900000451	2024	1	M	350.0	792000		
1000	4900000451	2024	2	S	350.0	895000		
1000	4900000452	2024	1	M	350.0	792000		
1000	4900000452	2024	2	S	350.0	895000		
1000	4900000453	2024	1	M	2.1	300000		
1000	4900000453	2024	2	S	2.1	400000		
1000	4900000454	2024	1	M	24.0	300000		
1000	4900000454	2024	2	S	24.0	400000		
1000	4900000455	2024	1	M	24.0	300000		
1000	4900000455	2024	2	S	24.0	400000		
1000	4900000456	2024	1	M	350.0	792000		
1000	4900000456	2024	2	S	350.0	895000		
1000	4900000457	2024	1	M	12.0	300000		
1000	4900000457	2024	2	S	12.0	400000		
1000	4900000458	2024	1	M	0.6	300000		
1000	4900000458	2024	2	S	0.6	400000		
1000	4900000459	2024	1	M	12.0	300000		
1000	4900000459	2024	2	S	12.0	400000		
1000	4900000460	2024	1	M	0.6	300000		
1000	4900000460	2024	2	S	0.6	400000		
1000	4900000461	2024	1	M	350.0	792000		
1000	4900000461	2024	2	S	350.0	895000		
1000	4900000462	2024	1	M	12.0	300000		
1000	4900000462	2024	2	S	12.0	400000		
1000	4900000463	2024	1	M	0.6	300000		
1000	4900000463	2024	2	S	0.6	400000		
1000	4900000464	2024	1	M	350.0	792000		
1000	4900000464	2024	2	S	350.0	895000		
1000	4900000465	2024	1	M	0.6	300000		
1000	4900000465	2024	2	S	0.6	400000		
1000	4900000466	2024	1	M	12.0	300000		
1000	4900000466	2024	2	S	12.0	400000		
1000	4900000467	2024	1	M	350.0	792000		
1000	4900000467	2024	2	S	350.0	895000		
1000	4900000468	2024	1	M	24.0	300000		
1000	4900000468	2024	2	S	24.0	400000		
1000	4900000469	2024	1	M	1.2	300000		
1000	4900000469	2024	2	S	1.2	400000		
1000	4900000470	2024	1	M	12.0	300000		
1000	4900000470	2024	2	S	12.0	400000		
1000	4900000471	2024	1	M	0.6	300000		
1000	4900000471	2024	2	S	0.6	400000		
1000	4900000472	2024	1	M	12.0	300000		
1000	4900000472	2024	2	S	12.0	400000		
1000	4900000473	2024	1	M	0.6	300000		
1000	4900000473	2024	2	S	0.6	400000		
1000	4900000474	2024	1	M	0.6	300000		
1000	4900000474	2024	2	S	0.6	400000		
1000	4900000475	2024	1	M	350.0	792000		
1000	4900000475	2024	2	S	350.0	895000		
1000	4900000476	2024	1	M	12.0	300000		
1000	4900000476	2024	2	S	12.0	400000		
1000	4900000477	2024	1	M	0.6	300000		
1000	4900000477	2024	2	S	0.6	400000		
1000	4900000478	2024	1	M	0.6	300000		
1000	4900000478	2024	2	S	0.6	400000		
1000	4900000479	2024	1	M	0.6	300000		
1000	4900000479	2024	2	S	0.6	400000		
1000	4900000480	2024	1	M	0.4	300000		
1000	4900000480	2024	2	S	0.4	400000		
1000	4900000481	2024	1	M	12.0	300000		
1000	4900000481	2024	2	S	12.0	400000		
1000	4900000482	2024	1	M	0.6	300000		
1000	4900000482	2024	2	S	0.6	400000		
1000	4900000483	2024	1	M	12.0	300000		
1000	4900000483	2024	2	S	12.0	400000		
1000	4900000484	2024	1	M	0.6	300000		
1000	4900000484	2024	2	S	0.6	400000		
1000	4900000485	2024	1	M	700.0	792000		
1000	4900000485	2024	2	S	700.0	895000		
1000	4900000486	2024	1	M	350.0	792000		
1000	4900000486	2024	2	S	350.0	895000		
1000	4900000487	2024	1	M	700.0	792000		
1000	4900000487	2024	2	S	700.0	895000		
1000	4900000488	2024	1	M	350.0	792000		
1000	4900000488	2024	2	S	350.0	895000		
1000	4900000489	2024	1	M	350.0	792000		
1000	4900000489	2024	2	S	350.0	895000		
1000	4900000490	2024	1	M	1050.0	792000		
1000	4900000490	2024	2	S	1050.0	895000		
1000	4900000491	2024	1	M	350.0	792000		
1000	4900000491	2024	2	S	350.0	895000		
1000	4900000492	2024	1	M	350.0	792000		
1000	4900000492	2024	2	S	350.0	895000		
1000	4900000493	2024	1	M	350.0	792000		
1000	4900000493	2024	2	S	350.0	895000		
1000	4900000494	2024	1	M	1050.0	792000		
1000	4900000494	2024	2	S	1050.0	895000		
1000	4900000495	2024	1	M	350.0	792000		
1000	4900000495	2024	2	S	350.0	895000		
1000	4900000496	2024	1	M	350.0	792000		
1000	4900000496	2024	2	S	350.0	895000		
1000	4900000497	2024	1	M	0.6	300000		
1000	4900000497	2024	2	S	0.6	400000		
1000	4900000498	2024	1	M	12.0	300000		
1000	4900000498	2024	2	S	12.0	400000		
1000	4900000499	2024	1	M	12.0	300000		
1000	4900000499	2024	2	S	12.0	400000		
1000	4900000500	2024	1	M	0.6	300000		
1000	4900000500	2024	2	S	0.6	400000		
1000	4900000501	2024	1	M	350.0	792000		
1000	4900000501	2024	2	S	350.0	895000		
1000	4900000502	2024	1	M	12.0	300000		
1000	4900000502	2024	2	S	12.0	400000		
1000	4900000503	2024	1	M	0.6	300000		
1000	4900000503	2024	2	S	0.6	400000		
1000	4900000504	2024	1	M	36.0	300000		
1000	4900000504	2024	2	S	36.0	400000		
1000	4900000505	2024	1	M	1.8	300000		
1000	4900000505	2024	2	S	1.8	400000		
1000	4900000506	2024	1	M	1050.0	792000		
1000	4900000506	2024	2	S	1050.0	895000		
1000	4900000507	2024	1	M	1400.0	792000		
1000	4900000507	2024	2	S	1400.0	895000		
1000	4900000508	2024	1	M	350.0	792000		
1000	4900000508	2024	2	S	350.0	895000		
1000	4900000509	2024	1	M	350.0	792000		
1000	4900000509	2024	2	S	350.0	895000		
1000	4900000510	2024	1	M	1050.0	792000		
1000	4900000510	2024	2	S	1050.0	895000		
1000	4900000511	2024	1	M	400.0	300000		
1000	4900000511	2024	2	S	400.0	400020		
1000	4900000512	2024	1	M	20000.0	300000		
1000	4900000512	2024	2	S	20000.0	400020		
1000	4900000513	2024	1	M	5600.0	300000		
1000	4900000513	2024	2	S	5600.0	400020		
1000	4900000514	2024	1	M	120.0	300000		
1000	4900000514	2024	2	S	120.0	400000		
1000	4900000514	2024	3	M	3000.0	300000		
1000	4900000514	2024	4	S	3000.0	400000		
1000	4900000514	2024	5	M	1680.0	300000		
1000	4900000514	2024	6	S	1680.0	400000		
1000	4900000515	2024	1	M	1000.0	790000		
1000	4900000515	2024	2	S	1000.0	799999		
1000	4900000516	2024	1	M	1000.0	790000		
1000	4900000516	2024	2	S	1000.0	890000		
1000	4900000517	2024	1	M	60000.0	792000		
1000	4900000517	2024	2	S	60000.0	400020		
1000	4900000518	2025	1	M	4000.0	792000		
1000	4900000518	2025	2	S	4000.0	400020		
1000	4900000519	2025	1	M	2000.0	792000		
1000	4900000519	2025	2	S	2000.0	400020		
1000	4900000520	2025	1	M	1100.0	304002		
1000	4900000520	2025	2	S	1100.0	399999		
1000	4900000521	2025	1	M	0.4	300000		
1000	4900000521	2025	2	S	0.4	400000		
1000	4900000522	2025	1	M	0.4	300000		
1000	4900000522	2025	2	S	0.4	400000		
1000	4900000523	2025	1	M	8.0	304002		
1000	4900000523	2025	2	S	8.0	399999		
1000	4900000524	2025	1	M	17.75	304002		
1000	4900000524	2025	2	S	17.75	400020		
1000	4900000525	2026	1	M	14000.0	790000		
1000	4900000525	2026	2	S	14000.0	799999		
1000	4900000526	2026	1	M	6000.0	300000		
1000	4900000526	2026	2	S	6000.0	399999		
1000	4900000527	2026	1	M	40000.0	300000		
1000	4900000527	2026	2	S	40000.0	399999		
1000	4900000528	2026	1	M	30000.0	300000		
1000	4900000528	2026	2	S	30000.0	399999		
1000	4900000529	2026	1	M	300000.0	300000		
1000	4900000529	2026	2	S	300000.0	399999		
1000	4900000530	2026	1	M	300.0	300000		
1000	4900000530	2026	2	S	300.0	400000		
1000	4900000531	2026	1	M	50.0	304002		
1000	4900000531	2026	2	S	50.0	400020		
1000	4900000532	2026	1	M	4000.0	792000		
1000	4900000532	2026	2	S	4000.0	893010		
1000	4900000533	2026	1	M	4000.0	792000		
1000	4900000533	2026	2	S	4000.0	893010		
1000	4900000534	2026	1	M	1400.0	792000		
1000	4900000534	2026	2	S	1400.0	799999		
1000	5000000000	2019	1	M	128.5	792000	4500000002	10
1000	5000000000	2019	2	S	128.5	191100	4500000002	10
1000	5000000001	2019	1	M	128.5	792000	4500000003	10
1000	5000000001	2019	2	S	128.5	191100	4500000003	10
1000	5000000002	2019	1	M	128.5	792000	4500000004	10
1000	5000000002	2019	2	S	128.5	191100	4500000004	10
1000	5000000003	2019	1	M	257.0	792000	4500000005	10
1000	5000000003	2019	2	S	257.0	191100	4500000005	10
1000	5000000004	2019	1	S	64.25	410000	4500000007	10
1000	5000000004	2019	2	S	64.25	191100	4500000007	10
1000	5000000005	2019	1	M	16.0	792000	4500000009	10
1000	5000000005	2019	2	S	16.0	191100	4500000009	10
1000	5000000006	2019	1	S	4000.0	410000	4500000008	10
1000	5000000006	2019	2	S	4000.0	191100	4500000008	10
1000	5000000007	2019	1	M	257.0	792000	4500000012	10
1000	5000000007	2019	2	S	257.0	191100	4500000012	10
1000	5000000008	2019	1	M	167.05	792000	4500000010	10
1000	5000000008	2019	2	S	167.05	191100	4500000010	10
1000	5000000009	2019	1	M	141.35	792000	4500000011	10
1000	5000000009	2019	2	S	141.35	191100	4500000011	10
1000	5000000010	2019	1	S	8500.0	474210	4500000014	10
1000	5000000010	2019	2	S	8500.0	191100	4500000014	10
1000	5000000010	2019	3	S	1800.0	474210	4500000014	20
1000	5000000010	2019	4	S	1800.0	191100	4500000014	20
1000	5000000011	2020	1	S	2700.0	474210	4500000014	30
1000	5000000011	2020	2	S	2700.0	191100	4500000014	30
1000	5000000012	2020	1	S	17000.0	474210	4500000014	40
1000	5000000012	2020	2	S	17000.0	191100	4500000014	40
1000	5000000013	2020	1	S	1000.0	403000	4500000027	10
1000	5000000013	2020	2	S	1000.0	191100	4500000027	10
1000	5000000014	2020	1	S	30000.0	403000	4500000028	10
1000	5000000014	2020	2	S	30000.0	191100	4500000028	10
1000	5000000015	2020	1	S	50.0	304000	4500000031	10
1000	5000000015	2020	2	S	50.0	191100	4500000031	10
1000	5000000016	2020	1	S	12.85	400000	4500000035	10
1000	5000000016	2020	2	S	12.85	191100	4500000035	10
1000	5000000017	2020	1	S	2700.0	474210	4500000014	20
1000	5000000017	2020	2	S	2700.0	191100	4500000014	20
1000	5000000018	2020	1	M	90.0	792000	4500000038	10
1000	5000000018	2020	2	S	90.0	191100	4500000038	10
1000	5000000018	2020	3	M	10.0	792000	4500000038	10
1000	5000000018	2020	4	S	10.0	191100	4500000038	10
1000	5000000019	2020	1	M	100.0	792000	4500000043	10
1000	5000000019	2020	2	S	100.0	191100	4500000043	10
1000	5000000020	2020	1	M	65.0	792000	4500000049	10
1000	5000000020	2020	2	S	65.0	191100	4500000049	10
1000	5000000021	2020	1	M	271.9	792000		
1000	5000000021	2020	2	S	271.9	895000		
1000	5000000022	2020	1	S	10000.0	400000	4500000074	10
1000	5000000022	2020	2	S	10000.0	191100	4500000074	10
1000	5000000023	2020	1	S	200.0	400000	4500000091	10
1000	5000000023	2020	2	S	200.0	191100	4500000091	10
1000	5000000024	2020	1	S	1600.0	400000	4500000091	10
1000	5000000024	2020	2	S	1600.0	191100	4500000091	10
1000	5000000025	2020	1	S	66.0	400000	4500000095	10
1000	5000000025	2020	2	S	66.0	191100	4500000095	10
1000	5000000025	2020	3	S	154.0	400000	4500000095	10
1000	5000000025	2020	4	S	154.0	191100	4500000095	10
1000	5000000026	2020	1	S	330.0	400000	4500000096	10
1000	5000000026	2020	2	S	330.0	191100	4500000096	10
1000	5000000026	2020	3	S	770.0	400000	4500000096	10
1000	5000000026	2020	4	S	770.0	191100	4500000096	10
1000	5000000027	2020	1	S	1300.0	400000	4500000096	20
1000	5000000027	2020	2	S	1300.0	191100	4500000096	20
1000	5000000028	2020	1	S	100.0	404000	4500000097	10
1000	5000000028	2020	2	S	100.0	191100	4500000097	10
1000	5000000029	2020	1	M	400.0	641001	4500000104	10
1000	5000000029	2020	2	S	400.0	191100	4500000104	10
1000	5000000030	2020	1	M	8.0	641001	4500000105	10
1000	5000000030	2020	2	S	8.0	191100	4500000105	10
1000	5000000031	2020	1	S	20.0	400000	4500000106	10
1000	5000000031	2020	2	S	20.0	191100	4500000106	10
1000	5000000032	2020	1	S	20.0	640000	4500000108	10
1000	5000000032	2020	2	S	20.0	191100	4500000108	10
1000	5000000033	2020	1	M	100.0	641001	4500000110	10
1000	5000000033	2020	2	S	100.0	191100	4500000110	10
1000	5000000034	2020	1	M	4.0	641001	4500000109	10
1000	5000000034	2020	2	S	4.0	191100	4500000109	10
1000	5000000035	2020	1	S	10.0	400000	4500000107	10
1000	5000000035	2020	2	S	10.0	191100	4500000107	10
1000	5000000036	2020	1	S	100.0	640000	4500000111	10
1000	5000000036	2020	2	S	100.0	191100	4500000111	10
1000	5000000037	2020	1	S	250.0	690100	4500000112	10
1000	5000000037	2020	2	S	250.0	191100	4500000112	10
1000	5000000038	2020	1	S	125.0	400000	4500000113	10
1000	5000000038	2020	2	S	125.0	191100	4500000113	10
1000	5000000039	2020	1	S	250.0	690100	4500000114	10
1000	5000000039	2020	2	S	250.0	191100	4500000114	10
1000	5000000040	2020	1	S	250.0	690100	4500000115	10
1000	5000000040	2020	2	S	250.0	191100	4500000115	10
1000	5000000041	2020	1	S	650.0	640000	4500000118	10
1000	5000000041	2020	2	S	650.0	191100	4500000118	10
1000	5000000042	2020	1	M	100.0	304002	4500000117	10
1000	5000000042	2020	2	S	100.0	191100	4500000117	10
1000	5000000043	2020	1	M	100.0	304002	4500000119	10
1000	5000000043	2020	2	S	100.0	191100	4500000119	10
1000	5000000044	2020	1	S	100.0	641002	4500000120	10
1000	5000000044	2020	2	S	100.0	191100	4500000120	10
1000	5000000045	2020	1	S	100.0	641003	4500000121	10
1000	5000000045	2020	2	S	100.0	191100	4500000121	10
1000	5000000046	2020	1	S	250.0	690100	4500000122	10
1000	5000000046	2020	2	S	250.0	191100	4500000122	10
1000	5000000047	2020	1	S	250.0	690100	4500000123	10
1000	5000000047	2020	2	S	250.0	191100	4500000123	10
1000	5000000048	2020	1	S	100.0	690100	4500000128	10
1000	5000000048	2020	2	S	100.0	191100	4500000128	10
1000	5000000049	2020	1	S	200.0	690100	4500000129	10
1000	5000000049	2020	2	S	200.0	191100	4500000129	10
1000	5000000050	2020	1	M	312.0	304002		
1000	5000000050	2020	2	S	312.0	895000		
1000	5000000051	2020	1	M	312.0	304002		
1000	5000000051	2020	2	S	312.0	895000		
1000	5000000052	2020	1	M	312.0	304002		
1000	5000000052	2020	2	S	312.0	895000		
1000	5000000053	2020	1	S	100.0	690100	4500000132	10
1000	5000000053	2020	2	S	100.0	191100	4500000132	10
1000	5000000054	2020	1	M	312.0	304002		
1000	5000000054	2020	2	S	312.0	895000		
1000	5000000055	2020	1	S	750.0	690100	4500000131	10
1000	5000000055	2020	2	S	750.0	191100	4500000131	10
1000	5000000056	2020	1	S	100.0	690100	4500000130	10
1000	5000000056	2020	2	S	100.0	191100	4500000130	10
1000	5000000057	2020	1	S	250.0	690100	4500000134	10
1000	5000000057	2020	2	S	250.0	191100	4500000134	10
1000	5000000057	2020	3	M	550.0	304002	4500000134	10
1000	5000000057	2020	4	S	550.0	641002	4500000134	10
1000	5000000058	2020	1	S	100.0	690100	4500000135	10
1000	5000000058	2020	2	S	100.0	191100	4500000135	10
1000	5000000059	2020	1	M	391.75	304002		
1000	5000000059	2020	2	S	391.75	895000		
1000	5000000060	2020	1	M	401.78	304002		
1000	5000000060	2020	2	S	401.78	895000		
1000	5000000061	2020	1	S	25.0	641003	4500000142	10
1000	5000000061	2020	2	S	25.0	191100	4500000142	10
1000	5000000062	2020	1	S	100.0	690100	4500000143	10
1000	5000000062	2020	2	S	100.0	191100	4500000143	10
1000	5000000063	2020	1	S	250.0	690100	4500000144	10
1000	5000000063	2020	2	S	250.0	191100	4500000144	10
1000	5000000064	2020	1	S	1000.0	690100	4500000146	10
1000	5000000064	2020	2	S	1000.0	191100	4500000146	10
1000	5000000064	2020	3	M	100.0	304002	4500000146	10
1000	5000000064	2020	4	S	100.0	641002	4500000146	10
1000	5000000065	2020	1	S	52.0	641002	4500000148	10
1000	5000000065	2020	2	S	52.0	191100	4500000148	10
1000	5000000066	2020	1	S	20.8	641002	4500000152	10
1000	5000000066	2020	2	S	20.8	191100	4500000152	10
1000	5000000067	2020	1	S	15.6	641002	4500000153	10
1000	5000000067	2020	2	S	15.6	191100	4500000153	10
1000	5000000068	2020	1	S	36.4	641002	4500000154	10
1000	5000000068	2020	2	S	36.4	191100	4500000154	10
1000	5000000069	2020	1	M	100.0	792000	4500000155	10
1000	5000000069	2020	2	S	100.0	191100	4500000155	10
1000	5000000070	2020	1	M	100.0	792000	4500000156	10
1000	5000000070	2020	2	S	100.0	191100	4500000156	10
1000	5000000071	2021	1	S	0.1	640000	4500000157	10
1000	5000000071	2021	2	S	0.1	191100	4500000157	10
1000	5000000072	2021	1	M	100.0	304002	4500000158	10
1000	5000000072	2021	2	S	100.0	191100	4500000158	10
1000	5000000073	2021	1	M	3.0	300000	4500000161	10
1000	5000000073	2021	2	S	3.0	191100	4500000161	10
1000	5000000074	2021	1	S	5.0	690100	4500000162	10
1000	5000000074	2021	2	S	5.0	191100	4500000162	10
1000	5000000075	2021	1	M	3.0	300000	4500000164	10
1000	5000000075	2021	2	S	3.0	191100	4500000164	10
1000	5000000076	2021	1	M	3.0	300000	4500000165	10
1000	5000000076	2021	2	S	3.0	191100	4500000165	10
1000	5000000077	2021	1	M	3.0	300000	4500000163	10
1000	5000000077	2021	2	S	3.0	191100	4500000163	10
1000	5000000078	2021	1	M	3.0	300000	4500000166	10
1000	5000000078	2021	2	S	3.0	191100	4500000166	10
1000	5000000079	2021	1	M	3.0	300000	4500000167	10
1000	5000000079	2021	2	S	3.0	191100	4500000167	10
1000	5000000080	2021	1	M	3.0	300000	4500000168	10
1000	5000000080	2021	2	S	3.0	191100	4500000168	10
1000	5000000081	2021	1	M	3.0	300000	4500000169	10
1000	5000000081	2021	2	S	3.0	191100	4500000169	10
1000	5000000082	2021	1	M	3.0	300000	4500000170	10
1000	5000000082	2021	2	S	3.0	191100	4500000170	10
1000	5000000083	2021	1	M	3.0	300000	4500000171	10
1000	5000000083	2021	2	S	3.0	191100	4500000171	10
1000	5000000084	2021	1	M	3.0	300000	4500000172	10
1000	5000000084	2021	2	S	3.0	191100	4500000172	10
1000	5000000085	2021	1	M	3.0	300000	4500000173	10
1000	5000000085	2021	2	S	3.0	191100	4500000173	10
1000	5000000086	2021	1	M	3.0	300000	4500000174	10
1000	5000000086	2021	2	S	3.0	191100	4500000174	10
1000	5000000087	2021	1	M	3.0	300000	4500000175	10
1000	5000000087	2021	2	S	3.0	191100	4500000175	10
1000	5000000088	2021	1	M	3.0	300000	4500000176	10
1000	5000000088	2021	2	S	3.0	191100	4500000176	10
1000	5000000089	2021	1	M	3.0	300000	4500000178	10
1000	5000000089	2021	2	S	3.0	191100	4500000178	10
1000	5000000090	2021	1	S	5.0	690100	4500000179	10
1000	5000000090	2021	2	S	5.0	191100	4500000179	10
1000	5000000091	2021	1	M	3.0	300000	4500000180	10
1000	5000000091	2021	2	S	3.0	191100	4500000180	10
1000	5000000092	2021	1	S	100.0	690100	4500000181	10
1000	5000000092	2021	2	S	100.0	191100	4500000181	10
1000	5000000093	2021	1	M	72.04	300000	4500000183	10
1000	5000000093	2021	2	S	72.04	191100	4500000183	10
1000	5000000094	2021	1	M	72.04	300000	4500000183	10
1000	5000000094	2021	2	S	72.04	191100	4500000183	10
1000	5000000095	2021	1	M	72.04	300000	4500000183	10
1000	5000000095	2021	2	S	72.04	191100	4500000183	10
1000	5000000096	2021	1	M	72.04	300000	4500000183	10
1000	5000000096	2021	2	S	72.04	191100	4500000183	10
1000	5000000097	2021	1	M	72.04	300000	4500000183	10
1000	5000000097	2021	2	S	72.04	191100	4500000183	10
1000	5000000098	2021	1	M	72.04	300000	4500000183	10
1000	5000000098	2021	2	S	72.04	191100	4500000183	10
1000	5000000099	2021	1	M	36.02	300000	4500000184	10
1000	5000000099	2021	2	S	36.02	191100	4500000184	10
1000	5000000100	2021	1	M	36.02	300000	4500000184	10
1000	5000000100	2021	2	S	36.02	191100	4500000184	10
1000	5000000101	2021	1	M	45.0	300000	4500000185	10
1000	5000000101	2021	2	S	45.0	191100	4500000185	10
1000	5000000102	2021	1	M	1800.0	300000	4500000186	10
1000	5000000102	2021	2	S	1800.0	191100	4500000186	10
1000	5000000103	2021	1	S	12000.0	690100	4500000188	10
1000	5000000103	2021	2	S	12000.0	191100	4500000188	10
1000	5000000104	2021	1	S	12000.0	690100	4500000188	10
1000	5000000104	2021	2	S	12000.0	191100	4500000188	10
1000	5000000105	2021	1	M	15.0	300000	4500000187	10
1000	5000000105	2021	2	S	15.0	191100	4500000187	10
1000	5000000106	2021	1	S	450.0	690100	4500000200	10
1000	5000000106	2021	2	S	450.0	191100	4500000200	10
1000	5000000107	2021	1	S	222.0	641003	4500000212	10
1000	5000000107	2021	2	S	222.0	191100	4500000212	10
1000	5000000108	2021	1	S	500.0	690100	4500000214	10
1000	5000000108	2021	2	S	500.0	191100	4500000214	10
1000	5000000109	2021	1	S	500.0	690100	4500000214	10
1000	5000000109	2021	2	S	500.0	191100	4500000214	10
1000	5000000110	2021	1	S	100.0	641003	4500000215	10
1000	5000000110	2021	2	S	100.0	191100	4500000215	10
1000	5000000111	2021	1	S	400.0	690100	4500000216	10
1000	5000000111	2021	2	S	400.0	191100	4500000216	10
1000	5000000112	2021	1	S	65.75	690100	4500000218	10
1000	5000000112	2021	2	S	65.75	191100	4500000218	10
1000	5000000113	2021	1	M	4.0	304002	4500000116	10
1000	5000000113	2021	2	S	4.0	191100	4500000116	10
1000	5000000114	2021	1	M	4.0	304002	4500000100	10
1000	5000000114	2021	2	S	4.0	191100	4500000100	10
1000	5000000115	2021	1	M	401.78	304002		
1000	5000000115	2021	2	S	401.78	895000		
1000	5000000116	2021	1	M	425.28	304002		
1000	5000000116	2021	2	S	425.28	895000		
1000	5000000117	2021	1	S	1000.0	641003	4500000220	10
1000	5000000117	2021	2	S	1000.0	191100	4500000220	10
1000	5000000118	2021	1	M	431.58	304002		
1000	5000000118	2021	2	S	431.58	895000		
1000	5000000119	2021	1	M	588.0	304002	4500000221	10
1000	5000000119	2021	2	S	588.0	191100	4500000221	10
1000	5000000120	2021	1	S	1500.0	641003	4500000222	10
1000	5000000120	2021	2	S	1500.0	191100	4500000222	10
1000	5000000121	2021	1	M	460.68	304002		
1000	5000000121	2021	2	S	460.68	895000		
1000	5000000122	2021	1	S	10000000.0	690100	4500000223	10
1000	5000000122	2021	2	S	10000000.0	191100	4500000223	10
1000	5000000123	2021	1	S	100000.0	690100	4500000224	10
1000	5000000123	2021	2	S	100000.0	191100	4500000224	10
1000	5000000124	2021	1	S	7000.0	270001	4500000229	10
1000	5000000124	2021	2	S	7000.0	191100	4500000229	10
1000	5000000124	2021	3	S	2500.0	615800	4500000229	10
1000	5000000124	2021	4	S	2500.0	191100	4500000229	10
1000	5000000124	2021	5	S	500.0	270001	4500000229	10
1000	5000000124	2021	6	S	500.0	191100	4500000229	10
1000	5000000125	2021	1	S	150.0	631101	4500000234	10
1000	5000000125	2021	2	S	150.0	191100	4500000234	10
1000	5000000126	2021	1	S	150.0	631101	4500000236	10
1000	5000000126	2021	2	S	150.0	191100	4500000236	10
1000	5000000127	2021	1	S	150.0	631101	4500000238	10
1000	5000000127	2021	2	S	150.0	191100	4500000238	10
1000	5000000128	2021	1	S	1000.0	690100	4500000237	10
1000	5000000128	2021	2	S	1000.0	191100	4500000237	10
1000	5000000128	2021	3	S	100.0	690100	4500000237	10
1000	5000000128	2021	4	S	100.0	191100	4500000237	10
1000	5000000128	2021	5	S	100.0	690100	4500000237	10
1000	5000000128	2021	6	S	100.0	191100	4500000237	10
1000	5000000129	2021	1	S	6000.0	690100	4500000239	10
1000	5000000129	2021	2	S	6000.0	191100	4500000239	10
1000	5000000129	2021	3	S	3500.0	690100	4500000239	10
1000	5000000129	2021	4	S	3500.0	191100	4500000239	10
1000	5000000129	2021	5	S	500.0	690100	4500000239	10
1000	5000000129	2021	6	S	500.0	191100	4500000239	10
1000	5000000130	2021	1	S	90.0	631101	4500000245	10
1000	5000000130	2021	2	S	90.0	191100	4500000245	10
1000	5000000131	2021	1	S	1000.0	270001	4500000246	10
1000	5000000131	2021	2	S	1000.0	191100	4500000246	10
1000	5000000131	2021	3	S	500.0	270001	4500000246	10
1000	5000000131	2021	4	S	500.0	191100	4500000246	10
1000	5000000131	2021	5	S	300.0	615800	4500000246	10
1000	5000000131	2021	6	S	300.0	191100	4500000246	10
1000	5000000132	2021	1	S	250.0	690100	4500000247	10
1000	5000000132	2021	2	S	250.0	191100	4500000247	10
1000	5000000133	2021	1	S	200.0	690100	4500000247	10
1000	5000000133	2021	2	S	200.0	191100	4500000247	10
1000	5000000134	2021	1	S	150.0	631101	4500000249	10
1000	5000000134	2021	2	S	150.0	191100	4500000249	10
1000	5000000135	2021	1	S	15.0	631101	4500000251	10
1000	5000000135	2021	2	S	15.0	191100	4500000251	10
1000	5000000136	2021	1	S	150.0	631101	4500000252	10
1000	5000000136	2021	2	S	150.0	191100	4500000252	10
1000	5000000137	2021	1	S	150.0	631101	4500000254	10
1000	5000000137	2021	2	S	150.0	191100	4500000254	10
1000	5000000138	2021	1	S	150.0	631101	4500000255	10
1000	5000000138	2021	2	S	150.0	191100	4500000255	10
1000	5000000139	2021	1	S	150.0	631101	4500000257	10
1000	5000000139	2021	2	S	150.0	191100	4500000257	10
1000	5000000140	2021	1	S	2000.0	191100	4500000263	10
1000	5000000140	2021	2	S	2000.0	231500	4500000263	10
1000	5000000140	2021	3	S	400.0	191100	4500000263	20
1000	5000000140	2021	4	S	400.0	231500	4500000263	20
1000	5000000140	2021	5	S	1000.0	191100	4500000263	30
1000	5000000140	2021	6	S	1000.0	231500	4500000263	30
1000	5000000141	2021	1	M	3750.0	792000		
1000	5000000141	2021	2	S	3750.0	895000		
1000	5000000142	2021	1	S	500.0	690100	4500000264	10
1000	5000000142	2021	2	S	500.0	191100	4500000264	10
1000	5000000143	2021	1	M	28.0	304002	4500000267	10
1000	5000000143	2021	2	S	28.0	191100	4500000267	10
1000	5000000144	2021	1	M	460.68	304002		
1000	5000000144	2021	2	S	460.68	895000		
1000	5000000145	2021	1	S	4.2	272400	4500000269	10
1000	5000000145	2021	2	S	4.2	191100	4500000269	10
1000	5000000146	2022	1	S	1250.0	690100	4500000271	10
1000	5000000146	2022	2	S	1250.0	191100	4500000271	10
1000	5000000147	2022	1	S	1500.0	641003	4500000272	10
1000	5000000147	2022	2	S	1500.0	191100	4500000272	10
1000	5000000148	2022	1	M	5.0	792000	4500000273	10
1000	5000000148	2022	2	S	5.0	191100	4500000273	10
1000	5000000149	2022	1	S	668.0	690100	4500000274	10
1000	5000000149	2022	2	S	668.0	191100	4500000274	10
1000	5000000150	2022	1	S	15000.0	690100	4500000276	10
1000	5000000150	2022	2	S	15000.0	191100	4500000276	10
1000	5000000151	2022	1	S	175.0	641003	4500000277	10
1000	5000000151	2022	2	S	175.0	191100	4500000277	10
1000	5000000152	2022	1	S	25000.0	690100	4500000278	10
1000	5000000152	2022	2	S	25000.0	191100	4500000278	10
1000	5000000153	2022	1	S	333.0	690100	4500000278	10
1000	5000000153	2022	2	S	333.0	191100	4500000278	10
1000	5000000154	2022	1	S	150.0	641003	4500000279	10
1000	5000000154	2022	2	S	150.0	191100	4500000279	10
1000	5000000155	2022	1	S	333.0	690100	4500000281	10
1000	5000000155	2022	2	S	333.0	191100	4500000281	10
1000	5000000156	2022	1	M	50.0	792000	4500000282	10
1000	5000000156	2022	2	S	50.0	191100	4500000282	10
1000	5000000157	2022	1	S	333.0	690100	4500000283	10
1000	5000000157	2022	2	S	333.0	191100	4500000283	10
1000	5000000158	2022	1	S	8900.0	410000	4500000286	10
1000	5000000158	2022	2	S	8900.0	191100	4500000286	10
1000	5000000159	2022	1	S	8900.0	670000	4500000287	10
1000	5000000159	2022	2	S	8900.0	191100	4500000287	10
1000	5000000160	2022	1	S	2500.0	641002	4500000288	10
1000	5000000160	2022	2	S	2500.0	191100	4500000288	10
1000	5000000161	2022	1	S	15000.0	641002	4500000291	10
1000	5000000161	2022	2	S	15000.0	191100	4500000291	10
1000	5000000162	2022	1	S	750.0	690100	4500000293	10
1000	5000000162	2022	2	S	750.0	191100	4500000293	10
1000	5000000162	2022	3	M	200.0	304002	4500000293	10
1000	5000000162	2022	4	S	200.0	641002	4500000293	10
1000	5000000163	2022	1	M	428.1	304002	4500000293	10
1000	5000000163	2022	2	S	428.1	895000	4500000293	10
1000	5000000164	2022	1	S	10000.0	400000	4500000295	10
1000	5000000164	2022	2	S	10000.0	191100	4500000295	10
1000	5000000165	2022	1	M	5000.0	792000	4500000296	10
1000	5000000165	2022	2	S	5000.0	191100	4500000296	10
1000	5000000165	2022	3	M	1800.0	792000	4500000296	20
1000	5000000165	2022	4	S	1800.0	191100	4500000296	20
1000	5000000166	2022	1	M	3000.0	792000	4500000297	10
1000	5000000166	2022	2	S	3000.0	191100	4500000297	10
1000	5000000167	2022	1	M	25000.0	792000	4500000298	10
1000	5000000167	2022	2	S	25000.0	191100	4500000298	10
1000	5000000167	2022	3	M	13500.0	792000	4500000298	20
1000	5000000167	2022	4	S	13500.0	191100	4500000298	20
1000	5000000168	2022	1	M	4000.0	792000	4500000299	10
1000	5000000168	2022	2	S	4000.0	191100	4500000299	10
1000	5000000168	2022	3	M	1000.0	792000	4500000299	20
1000	5000000168	2022	4	S	1000.0	191100	4500000299	20
1000	5000000169	2022	1	S	100.0	641003	4500000211	10
1000	5000000169	2022	2	S	100.0	191100	4500000211	10
1000	5000000170	2022	1	S	125.0	641003	4500000211	20
1000	5000000170	2022	2	S	125.0	191100	4500000211	20
1000	5000000170	2022	3	S	250.0	690100	4500000211	30
1000	5000000170	2022	4	S	250.0	191100	4500000211	30
1000	5000000170	2022	5	S	250.0	641002	4500000211	40
1000	5000000170	2022	6	S	250.0	191100	4500000211	40
1000	5000000171	2022	1	M	2000.0	792000	4500000194	20
1000	5000000171	2022	2	S	2000.0	191100	4500000194	20
1000	5000000172	2022	1	M	2000.0	792000	4500000194	20
1000	5000000172	2022	2	S	2000.0	191100	4500000194	20
1000	5000000173	2022	1	M	2000.0	792000	4500000194	20
1000	5000000173	2022	2	S	2000.0	191100	4500000194	20
1000	5000000174	2022	1	M	2000.0	792000	4500000194	20
1000	5000000174	2022	2	S	2000.0	191100	4500000194	20
1000	5000000175	2022	1	M	2000.0	792000	4500000194	20
1000	5000000175	2022	2	S	2000.0	191100	4500000194	20
1000	5000000176	2022	1	S	75000.0	690100	4500000301	10
1000	5000000176	2022	2	S	75000.0	191100	4500000301	10
1000	5000000177	2022	1	S	15.4	400000	4500000302	10
1000	5000000177	2022	2	S	15.4	191100	4500000302	10
1000	5000000178	2022	1	S	1747.5	400000	4500000304	10
1000	5000000178	2022	2	S	1747.5	191100	4500000304	10
1000	5000000179	2022	1	S	150000.0	690100	4500000306	10
1000	5000000179	2022	2	S	150000.0	191100	4500000306	10
1000	5000000180	2023	1	M	222.75	792000		
1000	5000000180	2023	2	S	222.75	895000		
1000	5000000181	2023	1	S	1515.15	690100	4500000305	10
1000	5000000181	2023	2	S	1515.15	191100	4500000305	10
1000	5000000182	2023	1	S	1515.15	690100	4500000305	10
1000	5000000182	2023	2	S	1515.15	191100	4500000305	10
1000	5000000183	2023	1	S	1515.15	690100	4500000305	10
1000	5000000183	2023	2	S	1515.15	191100	4500000305	10
1000	5000000184	2023	1	M	39.0	304002	4500000305	20
1000	5000000184	2023	2	S	39.0	191100	4500000305	20
1000	5000000185	2023	1	M	26.0	304002	4500000305	20
1000	5000000185	2023	2	S	26.0	191100	4500000305	20
1000	5000000186	2023	1	S	1100.0	641003	4500000308	10
1000	5000000186	2023	2	S	1100.0	191100	4500000308	10
1000	5000000187	2023	1	S	500.0	690100	4500000310	10
1000	5000000187	2023	2	S	500.0	191100	4500000310	10
1000	5000000188	2023	1	S	50.0	641002	4500000311	10
1000	5000000188	2023	2	S	50.0	191100	4500000311	10
1000	5000000189	2023	1	S	740.0	690100	4500000312	10
1000	5000000189	2023	2	S	740.0	191100	4500000312	10
1000	5000000190	2023	1	S	1100.0	641003	4500000313	10
1000	5000000190	2023	2	S	1100.0	191100	4500000313	10
1000	5000000190	2023	3	S	1100.0	641002	4500000313	20
1000	5000000190	2023	4	S	1100.0	191100	4500000313	20
1000	5000000191	2023	1	S	720.0	690100	4500000314	10
1000	5000000191	2023	2	S	720.0	191100	4500000314	10
1000	5000000192	2023	1	S	1100.0	641003	4500000316	10
1000	5000000192	2023	2	S	1100.0	191100	4500000316	10
1000	5000000193	2023	1	S	660.0	690100	4500000317	10
1000	5000000193	2023	2	S	660.0	191100	4500000317	10
1000	5000000194	2024	1	M	150.0	790000		
1000	5000000194	2024	2	S	150.0	895000		
1000	5000000195	2024	1	M	320.0	792000		
1000	5000000195	2024	2	S	320.0	895000		
1000	5000000198	2024	1	M	150.0	790000		
1000	5000000198	2024	2	S	150.0	895000		
1000	5000000199	2024	1	S	1500.0	641002	4500000327	10
1000	5000000199	2024	2	S	1500.0	191100	4500000327	10
1000	5000000200	2024	1	S	1500.0	641002	4500000327	10
1000	5000000200	2024	2	S	1500.0	191100	4500000327	10
1000	5000000201	2024	1	S	1500.0	641003	4500000327	10
1000	5000000201	2024	2	S	1500.0	191100	4500000327	10
1000	5000000202	2024	1	S	2300.0	690100	4500000328	10
1000	5000000202	2024	2	S	2300.0	191100	4500000328	10
1000	5000000203	2024	1	S	1500.0	690100	4500000329	10
1000	5000000203	2024	2	S	1500.0	191100	4500000329	10
1000	5000000208	2024	1	S	5110.9	690100	4500000330	10
1000	5000000208	2024	2	S	5110.9	191100	4500000330	10
1000	5000000208	2024	3	S	2575.34	690100	4500000330	20
1000	5000000208	2024	4	S	2575.34	191100	4500000330	20
1000	5000000208	2024	5	S	6389.21	690100	4500000330	30
1000	5000000208	2024	6	S	6389.21	191100	4500000330	30
1000	5000000208	2024	7	S	450.0	690100	4500000330	40
1000	5000000208	2024	8	S	450.0	191100	4500000330	40
1000	5000000209	2024	1	M	350.0	792000		
1000	5000000209	2024	2	S	350.0	895000		
1000	5000000210	2024	1	M	100.0	792000	4500000332	10
1000	5000000210	2024	2	S	200.0	191100	4500000332	10
1000	5000000210	2024	3	S	100.0	231000	4500000332	10
1000	5000000219	2024	1	M	5129.61	792000		
1000	5000000219	2024	2	S	5129.61	895000		
1000	5000000220	2024	1	M	45000.0	792000		
1000	5000000220	2024	2	S	45000.0	895000		
1000	5000000221	2024	1	M	600.0	790000	4500000333	10
1000	5000000221	2024	2	S	600.0	191100	4500000333	10
1000	5000000222	2024	1	S	50.0	641003	4500000335	10
1000	5000000222	2024	2	S	50.0	191100	4500000335	10
1000	5000000223	2024	1	S	60.0	641003	4500000336	10
1000	5000000223	2024	2	S	60.0	191100	4500000336	10
1000	5000000224	2024	1	S	26000.0	690100	4500000337	10
1000	5000000224	2024	2	S	26000.0	191100	4500000337	10
1000	5000000225	2025	1	S	10.0	641002	4500000353	10
1000	5000000225	2025	2	S	10.0	191100	4500000353	10
1000	5000000226	2025	1	S	80.0	641002	4500000355	10
1000	5000000226	2025	2	S	80.0	191100	4500000355	10
1000	5000000227	2025	1	S	157.0	690100	4500000356	10
1000	5000000227	2025	2	S	157.0	191100	4500000356	10
1000	5000000228	2026	1	M	2000.0	792000		
1000	5000000228	2026	2	S	2000.0	895000		
1000	5000000229	2026	1	S	150.0	410000	4500000357	10
1000	5000000229	2026	2	S	150.0	191100	4500000357	10
1000	5000000230	2026	1	S	150.0	410000	4500000358	10
1000	5000000230	2026	2	S	150.0	191100	4500000358	10
1000	5000000231	2026	1	S	300.0	410000	4500000359	10
1000	5000000231	2026	2	S	300.0	191100	4500000359	10
1000	5000000232	2026	1	S	300.0	410000	4500000360	10
1000	5000000232	2026	2	S	300.0	191100	4500000360	10
1000	5100000000	2020	1	K	2700.0	21105000		
1000	5100000000	2020	2	S	2700.0	191100	4500000014	30
1000	5100000001	2020	1	K	82.5	21105000		
1000	5100000001	2020	2	S	100.0	191100	4500000027	10
1000	5100000001	2020	3	K	17.5	21105000		
1000	5100000002	2020	1	K	36300.0	21105000		
1000	5100000002	2020	2	S	30000.0	191100	4500000028	10
1000	5100000002	2020	3	S	6300.0	154000		
1000	5100000003	2020	1	K	36300.0	21105000		
1000	5100000003	2020	2	S	30000.0	191100	4500000028	10
1000	5100000003	2020	3	S	6300.0	154000		
1000	5100000004	2020	1	K	31050.0	21105000		
1000	5100000004	2020	2	S	30000.0	191100	4500000028	10
1000	5100000004	2020	3	S	6300.0	154000		
1000	5100000004	2020	4	K	5250.0	21105000		
1000	5100000005	2020	1	K	31050.0	21105000		
1000	5100000005	2020	2	S	30000.0	191100	4500000028	10
1000	5100000005	2020	3	S	6300.0	154000		
1000	5100000005	2020	4	K	5250.0	21105000		
1000	5100000006	2020	1	K	31050.0	21105000		
1000	5100000006	2020	2	S	30000.0	191100	4500000028	10
1000	5100000006	2020	3	S	6300.0	154000		
1000	5100000006	2020	4	K	5250.0	21105000		
1000	5100000007	2020	1	K	31050.0	21105000		
1000	5100000007	2020	2	S	30000.0	191100	4500000028	10
1000	5100000007	2020	3	S	6300.0	154000		
1000	5100000007	2020	4	K	5250.0	21105000		
1000	5100000008	2020	1	K	31050.0	21105000		
1000	5100000008	2020	2	S	30000.0	191100	4500000028	10
1000	5100000008	2020	3	S	6300.0	154000		
1000	5100000008	2020	4	K	5250.0	21105000		
1000	5100000009	2020	1	K	31050.0	21105000		
1000	5100000009	2020	2	S	30000.0	403000	4500000029	10
1000	5100000009	2020	3	S	6300.0	154000		
1000	5100000009	2020	4	K	5250.0	21105000		
1000	5100000010	2020	1	K	31050.0	21105000		
1000	5100000010	2020	2	S	30000.0	403000	4500000030	10
1000	5100000010	2020	3	S	6300.0	154000		
1000	5100000010	2020	4	K	5250.0	21105000		
1000	5100000011	2020	1	K	60.5	21105000		
1000	5100000011	2020	2	S	50.0	191100	4500000031	10
1000	5100000011	2020	3	S	10.5	154000		
1000	5100000012	2020	1	K	121.0	160000		
1000	5100000012	2020	2	S	100.0	191100	4500000043	10
1000	5100000012	2020	3	S	21.0	154000		
1000	5100000013	2020	1	K	78.65	160000		
1000	5100000013	2020	2	S	65.0	191100	4500000049	10
1000	5100000013	2020	3	S	13.65	154000		
1000	5100000014	2020	1	K	2178.0	160000		
1000	5100000014	2020	2	S	200.0	191100	4500000091	10
1000	5100000014	2020	3	S	1600.0	191100	4500000091	10
1000	5100000014	2020	4	S	378.0	154000		
1000	5100000015	2020	1	K	2420.0	160000		
1000	5100000015	2020	2	S	2000.0	191100	4500000091	10
1000	5100000015	2020	3	S	420.0	154000		
1000	5100000016	2020	1	K	242.0	160000		
1000	5100000016	2020	2	S	200.0	191100	4500000091	10
1000	5100000016	2020	3	S	42.0	154000		
1000	5100000017	2020	1	K	2400.0	160000		
1000	5100000017	2020	2	S	330.0	191100	4500000096	10
1000	5100000017	2020	3	S	770.0	191100	4500000096	10
1000	5100000017	2020	4	S	1300.0	191100	4500000096	20
1000	5100000018	2020	1	K	62.92	160000		
1000	5100000018	2020	2	S	52.0	191100	4500000148	10
1000	5100000018	2020	3	S	10.92	154000		
1000	5100000019	2020	1	K	18.88	160000		
1000	5100000019	2020	2	S	15.6	191100	4500000153	10
1000	5100000019	2020	3	S	3.28	154000		
1000	5100000020	2020	1	K	44.04	160000		
1000	5100000020	2020	2	S	36.4	191100	4500000154	10
1000	5100000020	2020	3	S	7.64	154000		
1000	5100000021	2020	1	K	121.0	160000		
1000	5100000021	2020	2	S	100.0	191100	4500000155	10
1000	5100000021	2020	3	S	21.0	154000		
1000	5100000022	2020	1	K	121.0	160000		
1000	5100000022	2020	2	S	100.0	191100	4500000156	10
1000	5100000022	2020	3	S	21.0	154000		
1000	5100000023	2021	1	K	3.0	160000		
1000	5100000023	2021	2	S	3.0	191100	4500000161	10
1000	5100000024	2021	1	K	5.0	160000		
1000	5100000024	2021	2	S	5.0	191100	4500000162	10
1000	5100000025	2021	1	K	3.63	160000		
1000	5100000025	2021	2	S	3.0	191100	4500000165	10
1000	5100000025	2021	3	S	0.63	154000		
1000	5100000026	2021	1	K	6.05	160000		
1000	5100000026	2021	2	S	5.0	191100	4500000179	10
1000	5100000026	2021	3	S	1.05	154000		
1000	5100000027	2021	1	K	54.45	160000		
1000	5100000027	2021	2	S	45.0	191100	4500000185	10
1000	5100000027	2021	3	S	9.45	154000		
1000	5100000028	2021	1	K	268.62	160000		
1000	5100000028	2021	2	S	222.0	191100	4500000212	10
1000	5100000028	2021	3	S	46.62	154000		
1000	5100000029	2021	1	K	121.0	160000		
1000	5100000029	2021	2	S	100.0	191100	4500000215	10
1000	5100000029	2021	3	S	21.0	154000		
1000	5100000030	2021	1	K	12100000.0	160000		
1000	5100000030	2021	2	S	10000000.0	191100	4500000223	10
1000	5100000030	2021	3	S	2100000.0	154000		
1000	5100000031	2021	1	K	90.75	160000		
1000	5100000031	2021	2	S	75.0	410000	4500000228	10
1000	5100000031	2021	3	S	15.75	154000		
1000	5100000032	2021	1	K	181.5	160000		
1000	5100000032	2021	2	S	150.0	631101	4500000233	10
1000	5100000032	2021	3	S	31.5	154000		
1000	5100000033	2021	1	K	12100.0	160000		
1000	5100000033	2021	2	S	6000.0	191100	4500000239	10
1000	5100000033	2021	3	S	3500.0	191100	4500000239	10
1000	5100000033	2021	4	S	500.0	191100	4500000239	10
1000	5100000033	2021	5	S	2100.0	154000		
1000	5100000034	2021	1	K	181.5	160000		
1000	5100000034	2021	2	S	150.0	191100	4500000236	10
1000	5100000034	2021	3	S	31.5	154000		
1000	5100000035	2022	1	K	668.0	21105000		
1000	5100000035	2022	2	S	668.0	191100	4500000274	10
1000	5100000036	2022	1	K	100.0	160000		
1000	5100000036	2022	2	S	100.0	191100	4500000211	10
1000	5100000037	2023	1	K	1331.0	21105000		
1000	5100000037	2023	2	S	1100.0	191100	4500000308	10
1000	5100000037	2023	3	S	231.0	154000		
1000	5100000038	2023	1	K	181.5	21105000		
1000	5100000038	2023	2	S	150.0	690100	4500000309	10
1000	5100000038	2023	3	S	31.5	154000		
1000	5100000039	2023	1	K	605.0	21105000		
1000	5100000039	2023	2	S	500.0	191100	4500000310	10
1000	5100000039	2023	3	S	105.0	154000		
1000	5100000040	2023	1	K	60.5	21105000		
1000	5100000040	2023	2	S	50.0	191100	4500000311	10
1000	5100000040	2023	3	S	10.5	154000		
1000	5100000041	2023	1	K	895.4	21105000		
1000	5100000041	2023	2	S	740.0	191100	4500000312	10
1000	5100000041	2023	3	S	155.4	154000		
1000	5100000042	2023	1	K	895.4	21105000		
1000	5100000042	2023	2	S	740.0	191100	4500000312	10
1000	5100000042	2023	3	S	155.4	154000		
1000	5100000043	2023	1	K	895.4	21105000		
1000	5100000043	2023	2	S	740.0	191100	4500000312	10
1000	5100000043	2023	3	S	155.4	154000		
1000	5100000044	2023	1	K	1100.0	21105000		
1000	5100000044	2023	2	S	1100.0	191100	4500000316	10
1000	5100000045	2024	1	K	1815.0	160000		
1000	5100000045	2024	2	S	1500.0	191100	4500000327	10
1000	5100000045	2024	3	S	315.0	154000		
1000	5100000046	2024	1	K	2783.0	160000		
1000	5100000046	2024	2	S	2300.0	191100	4500000328	10
1000	5100000046	2024	3	S	483.0	154000		
1000	5100000047	2024	1	K	1815.0	160000		
1000	5100000047	2024	2	S	1500.0	191100	4500000329	10
1000	5100000047	2024	3	S	315.0	154000		
1000	9300000000	2024	1	D	763.0	140000		
1000	9300000000	2024	2	S	700.0	800000		
1000	9300000000	2024	3	S	63.0	175000		
1000	9300000001	2025	1	D	10900.0	140000		
1000	9300000001	2025	2	S	10000.0	800000		
1000	9300000001	2025	3	S	900.0	175000		
1000	9300000002	2025	1	D	109.0	140000		
1000	9300000002	2025	2	S	100.0	800000		
1000	9300000002	2025	3	S	9.0	175000		
1000	9300000003	2025	1	D	2180.0	140000		
1000	9300000003	2025	2	S	2000.0	800000		
1000	9300000003	2025	3	S	180.0	175000		
1000	9300000004	2025	1	D	1090.0	140000		
1000	9300000004	2025	2	S	1000.0	800000		
1000	9300000004	2025	3	S	90.0	175000		
1000	9300000005	2025	1	D	125.0	140000		
1000	9300000005	2025	2	S	125.0	800000		
2000	100000000	2023	1	S	121.0	613310		
2000	100000000	2023	2	S	100.0	444000		
2000	100000000	2023	3	S	21.0	411000		
2000	4900000000	2023	1	M	5.0	310010		
2000	4900000000	2023	2	S	5.0	399999		
2000	5000000000	2023	1	M	5.0	310010	4500000318	10
2000	5000000000	2023	2	S	5.0	444000	4500000318	10
2000	5000000000	2023	3	S	5.0	601010	4500000318	10
2000	5000000000	2023	4	S	5.0	609110	4500000318	10
2000	5000000001	2023	1	M	5.0	310010	4500000319	20
2000	5000000001	2023	2	S	5.0	444000	4500000319	20
2000	5000000001	2023	3	S	5.0	601010	4500000319	20
2000	5000000001	2023	4	S	5.0	609110	4500000319	20
2000	5000000002	2023	1	M	5.0	310010	4500000320	20
2000	5000000002	2023	2	S	5.0	444000	4500000320	20
2000	5000000002	2023	3	S	5.0	601010	4500000320	20
2000	5000000002	2023	4	S	5.0	609110	4500000320	20
2000	5000000003	2023	1	M	5.0	310010	4500000320	20
2000	5000000003	2023	2	S	5.0	444000	4500000320	20
2000	5000000003	2023	3	S	5.0	601010	4500000320	20
2000	5000000003	2023	4	S	5.0	609110	4500000320	20
2000	5000000004	2023	1	M	5.0	310010	4500000320	20
2000	5000000004	2023	2	S	5.0	444000	4500000320	20
2000	5000000004	2023	3	S	5.0	601010	4500000320	20
2000	5000000004	2023	4	S	5.0	609110	4500000320	20
2000	5000000005	2023	1	M	100.0	310010	4500000321	10
2000	5000000005	2023	2	S	100.0	444000	4500000321	10
2000	5000000005	2023	3	S	100.0	601010	4500000321	10
2000	5000000005	2023	4	S	100.0	609110	4500000321	10
2000	5000000006	2024	1	S	250.0	609060	4500000323	10
2000	5000000006	2024	2	S	250.0	444000	4500000323	10
2000	5100000000	2023	1	K	6.05	440000		
2000	5100000000	2023	2	S	5.0	444000	4500000318	10
2000	5100000000	2023	3	S	1.05	411000		
2000	5100000001	2023	1	K	187.55	440000		
2000	5100000001	2023	2	S	150.0	610000	4500000319	10
2000	5100000001	2023	3	S	5.0	444000	4500000319	20
2000	5100000001	2023	4	S	32.55	411000		
2000	5100000002	2023	1	K	187.55	440000		
2000	5100000002	2023	2	S	150.0	610000	4500000320	10
2000	5100000002	2023	3	S	5.0	444000	4500000320	20
2000	5100000002	2023	4	S	32.55	411000		
2000	5100000003	2023	1	K	162.14	440000		
2000	5100000003	2023	2	S	100.0	444000	4500000321	10
2000	5100000003	2023	3	S	34.0	601010	4500000321	20
2000	5100000003	2023	4	S	28.14	411000		
2000	5100000004	2024	1	K	250.0	440000		
2000	5100000004	2024	2	S	250.0	444000	4500000323	10
3710	100000000	2020	1	D	21.24	12100000		
3710	100000000	2020	2	S	17.55	41000000		
3710	100000000	2020	3	S	3.69	22000000		
3710	100000001	2020	1	D	21.24	12100000		
3710	100000001	2020	2	S	17.55	41000000		
3710	100000001	2020	3	S	3.69	22000000		
3710	100000002	2020	1	D	21.24	12100000		
3710	100000002	2020	2	S	17.55	41000000		
3710	100000002	2020	3	S	3.69	22000000		
3710	100000003	2020	1	D	42.47	12100000		
3710	100000003	2020	2	S	35.1	41000000		
3710	100000003	2020	3	S	7.37	22000000		
3710	100000004	2020	1	D	21.24	12100000		
3710	100000004	2020	2	S	17.55	41000000		
3710	100000004	2020	3	S	3.69	22000000		
3710	100000005	2020	1	S	100.0	65000000		
3710	100000005	2020	2	S	100.0	11001000		
3710	100000006	2020	1	S	100.0	65000000		
3710	100000006	2020	2	S	100.0	11001000		
3710	100000007	2021	1	D	181.5	12100000		
3710	100000007	2021	2	S	150.0	41000000		
3710	100000007	2021	3	S	31.5	22000000		
3710	100000008	2023	1	D	120.0	12100000		
3710	100000008	2023	2	S	120.0	41000000		
3710	100000009	2023	1	D	240.0	12100000		
3710	100000009	2023	2	S	240.0	41000000		
3710	100000010	2024	1	D	100000.0	12100000		
3710	100000010	2024	2	S	100000.0	41000000		
3710	4900000000	2020	1	M	67.5	13600000		
3710	4900000000	2020	2	S	67.5	39912000		
3710	4900000001	2020	1	M	13.5	13600000		
3710	4900000001	2020	2	S	13.5	54051000		
3710	4900000002	2020	1	M	13500.0	13600000		
3710	4900000002	2020	2	S	13500.0	39912000		
3710	4900000003	2020	1	M	13.5	13600000		
3710	4900000003	2020	2	S	13.5	51600000		
3710	4900000004	2020	1	M	2719.0	13400000		
3710	4900000004	2020	2	S	2719.0	39912000		
3710	4900000005	2020	1	M	13.5	13600000		
3710	4900000005	2020	2	S	13.5	51600000		
3710	4900000006	2020	1	M	40.5	13600000		
3710	4900000006	2020	2	S	40.5	51600000		
3710	4900000007	2020	1	M	27.0	13600000		
3710	4900000007	2020	2	S	27.0	51600000		
3710	4900000008	2020	1	M	13.5	13600000		
3710	4900000008	2020	2	S	13.5	51600000		
3710	4900000009	2020	1	M	37.5	13100000		
3710	4900000009	2020	2	S	37.5	39911000		
3710	4900000010	2020	1	M	50.0	13100000		
3710	4900000010	2020	2	S	50.0	39911000		
3710	4900000011	2020	1	M	75.0	13100000		
3710	4900000011	2020	2	S	75.0	39911000		
3710	4900000012	2020	1	M	50.0	13100000		
3710	4900000012	2020	2	S	50.0	39911000		
3710	4900000013	2020	1	M	37.5	13100000		
3710	4900000013	2020	2	S	37.5	39911000		
3710	4900000014	2020	1	M	20.5	13100000		
3710	4900000014	2020	2	S	20.5	39911000		
3710	4900000015	2020	1	M	25.0	13100000		
3710	4900000015	2020	2	S	25.0	39911000		
3710	4900000016	2020	1	M	25.0	13100000		
3710	4900000016	2020	2	S	25.0	39911000		
3710	4900000017	2020	1	M	37.5	13100000		
3710	4900000017	2020	2	S	37.5	39911000		
3710	4900000018	2020	1	M	37.5	13100000		
3710	4900000018	2020	2	S	37.5	39911000		
3710	4900000019	2021	1	M	13.5	13600000		
3710	4900000019	2021	2	S	13.5	51600000		
3710	4900000020	2022	1	M	1300.0	13100000		
3710	4900000020	2022	2	S	1300.0	54070000		
3710	4900000021	2022	1	M	1305.0	13100000		
3710	4900000021	2022	2	S	1305.0	54070000		
3710	4900000021	2022	3	M	1305.0	13100000		
3710	4900000021	2022	4	S	1305.0	54070000		
3710	4900000021	2022	5	M	1300.0	13100000		
3710	4900000021	2022	6	S	1300.0	54070000		
3710	4900000021	2022	7	M	1305.0	13100000		
3710	4900000021	2022	8	S	1305.0	54070000		
3710	4900000021	2022	9	M	1305.0	13100000		
3710	4900000021	2022	10	S	1305.0	54070000		
3710	5000000000	2021	1	M	10.0	13600000	4500000261	10
3710	5000000000	2021	2	S	10.0	21120000	4500000261	10
3710	5000000001	2022	1	M	110.0	13600000	4500000294	10
3710	5000000001	2022	2	S	110.0	21120000	4500000294	10
3710	5000000002	2022	1	M	110.0	13600000	4500000294	10
3710	5000000002	2022	2	S	110.0	21120000	4500000294	10
3710	5000000003	2022	1	M	220.0	13600000	4500000294	10
3710	5000000003	2022	2	S	220.0	21120000	4500000294	10
3710	5000000004	2022	1	M	220.0	13600000	4500000294	10
3710	5000000004	2022	2	S	220.0	21120000	4500000294	10
3710	5000000005	2022	1	M	220.0	13600000	4500000294	10
3710	5000000005	2022	2	S	220.0	21120000	4500000294	10
3710	5000000006	2022	1	M	220.0	13600000	4500000294	10
3710	5000000006	2022	2	S	220.0	21120000	4500000294	10
